SERIAL_NUMBER,DATE,HUMS_TMP_FCT1,HUMS_NB_EVENT_FCT1,HUMS_TMP_FCT2,HUMS_NB_EVENT_FCT2,HUMS_TMP_FCT3,HUMS_NB_EVENT_FCT3,HUMS_MIN_TEMPERATURE_FCT4,HUMS_MAX_TEMPERATURE_FCT4
SN-A001,2025-01-18,36.0,0,46.2,11,47.8,1,11.4,77.0
SN-A001,2025-02-16,36.1,2,61.8,6,46.0,8,20.5,79.0
SN-A001,2025-04-27,41.2,10,46.4,0,44.3,8,17.1,73.1
SN-A001,2025-05-25,50.4,8,0,0,37.3,0,23.1,68.6
SN-A001,2025-06-26,36.0,8,50.7,10,32.6,5,23.2,77.3
SN-A001,2025-10-08,42.0,9,49.0,8,40.9,1,10.3,70.5
SN-A001,2025-11-28,40.6,6,47.6,1,41.5,2,16.3,77.5
SN-A001,2025-11-28,42.5,0,0,0,46.1,6,17.7,66.4
SN-A001,2026-01-19,50.3,7,46.3,0,39.4,1,11.4,70.2
SN-A001,2026-01-20,38.4,6,54.8,9,45.9,3,10.6,64.8
SN-A001,2025-11-28,42.5,0,0,0,46.1,6,17.7,66.4
SN-A001,2026-01-19,50.3,7,46.3,0,39.4,1,11.4,70.2
SN-A001,2026-01-20,38.4,6,54.8,9,45.9,3,10.6,64.8
SN-A001,2026-01-25,35.4,1,48.5,11,47.5,4,24.0,79.6
SN-A002,2025-04-05,44.2,9,52.9,7,32.7,8,24.4,77.4
SN-A002,2025-04-08,0,0,0,0,0,0,0,0
SN-A002,2025-05-31,45.9,3,0,0,36.5,5,20.7,74.2
SN-A002,2025-07-04,51.8,9,52.3,12,40.5,6,23.5,65.5
SN-A002,2025-09-10,38.3,7,59.2,6,45.1,8,15.9,64.1
SN-A002,2025-10-05,0,0,52.2,8,34.8,5,21.0,76.4
SN-A002,2025-11-12,0,0,0,0,0,0,0,0
SN-A002,2025-11-14,52.5,5,63.3,9,37.8,2,10.2,70.5
SN-A003,2025-01-08,41.1,10,61.7,10,39.8,4,15.4,61.2
SN-A003,2025-03-02,54.0,1,47.2,11,0,0,11.5,65.2
SN-A003,2025-03-14,35.5,2,45.2,8,0,0,20.2,71.0
SN-A003,2025-04-19,52.2,5,45.7,8,34.8,0,10.1,73.0
SN-A003,2025-06-11,44.3,1,49.2,1,41.5,0,24.4,77.5
SN-A003,2025-10-14,41.8,0,46.1,6,35.5,3,16.0,76.8
SN-A003,2025-12-18,44.3,2,58.3,1,35.9,5,14.0,79.6
SN-A003,2025-12-21,37.6,7,51.5,5,33.7,2,19.5,74.1
SN-A003,2025-12-26,44.2,4,53.7,10,36.5,3,17.7,62.4
SN-A003,2026-01-17,38.8,4,0,0,39.1,6,13.5,65.5
SN-A004,2025-01-21,52.3,8,0,0,42.3,8,17.6,64.8
SN-A004,2025-08-23,51.2,0,57.7,5,40.6,3,20.7,73.7
SN-A004,2025-10-15,37.9,10,52.7,0,36.2,3,21.3,67.3
SN-A004,2025-11-03,35.0,1,61.8,10,41.0,6,14.2,75.2
SN-A004,2025-11-03,39.1,8,49.7,1,44.1,3,13.1,73.1
SN-A004,2025-11-08,48.4,9,46.3,12,0,0,10.2,60.8
SN-A004,2025-11-16,54.6,2,0,0,37.2,1,24.7,78.2
SN-A004,2026-01-02,0,0,60.8,1,30.7,2,20.4,78.4
SN-A004,2026-01-08,36.0,6,55.9,2,30.1,8,0,0
SN-A004,2026-01-25,52.2,9,64.6,1,31.5,1,10.8,76.0
SN-A005,2025-01-15,53.3,1,48.4,11,30.8,3,17.6,74.7
SN-A005,2025-01-30,46.2,2,57.3,2,0,0,18.4,77.2
SN-A005,2025-03-19,50.2,3,0,0,45.1,0,22.0,63.2
SN-A005,2025-03-22,54.6,8,0,0,42.4,3,14.3,66.4
SN-A005,2025-06-10,52.1,10,60.7,5,42.0,0,15.8,72.4
SN-A005,2025-07-09,38.9,0,46.7,2,30.2,3,12.3,69.5
SN-A005,2025-08-07,53.7,5,58.0,3,43.9,5,14.8,78.4
SN-A005,2025-08-31,51.2,9,64.1,10,0,0,11.0,75.8
SN-A005,2025-10-02,38.9,5,46.4,0,0,0,24.3,61.4
SN-A005,2025-10-28,47.6,0,54.8,10,48.1,0,18.8,60.1
SN-A005,2025-11-05,37.2,2,0,0,38.2,0,18.5,70.4
SN-A006,2025-02-08,0,0,0,0,0,0,0,0
SN-A006,2025-02-15,52.0,9,45.8,2,31.9,1,14.5,70.7
SN-A006,2025-05-19,50.2,4,46.7,0,43.4,5,14.6,61.4
SN-A006,2025-06-05,40.5,2,45.9,6,40.6,5,17.9,64.5
SN-A006,2025-08-10,42.0,6,56.4,1,40.6,3,12.1,78.5
SN-A006,2025-09-27,43.1,8,58.8,2,31.5,6,10.4,66.9
SN-A006,2025-10-06,46.5,9,63.4,11,0,0,20.2,67.1
SN-A006,2025-10-09,0,0,0,0,0,0,0,0
SN-A006,2025-12-05,47.1,6,62.0,0,35.1,5,0,0
SN-A006,2025-12-26,38.8,10,64.7,6,45.2,8,20.9,71.6
SN-A006,2026-01-05,52.2,10,52.4,5,46.8,3,21.0,60.3
SN-A006,2026-01-16,44.5,3,64.4,5,44.6,6,11.4,61.6
SN-A006,2026-01-25,0,0,0,0,0,0,0,0
SN-A007,2025-04-04,40.2,5,55.0,12,31.9,6,19.0,79.8
SN-A007,2025-07-02,50.9,3,64.6,8,35.6,7,15.3,66.5
SN-A007,2025-08-25,40.6,2,59.9,10,38.2,3,20.2,72.9
SN-A007,2025-09-19,49.6,0,46.5,8,41.6,5,16.4,62.5
SN-A007,2025-12-19,42.4,10,50.7,0,36.7,3,15.8,72.1
SN-A007,2026-01-20,52.7,7,52.9,5,38.8,1,24.7,75.2
SN-A008,2025-01-25,38.7,10,54.8,9,49.3,1,0,0
SN-A008,2025-06-30,54.5,1,62.1,6,31.4,2,10.8,62.1
SN-A008,2025-08-09,40.0,2,53.7,3,34.1,1,0,0
SN-A009,2025-01-20,38.3,3,52.2,11,31.6,3,23.1,74.0
SN-A009,2025-02-02,54.5,0,58.4,6,39.5,7,,0
SN-A009,2025-06-13,36.1,9,61.6,1,46.0,2,15.2,65.8
SN-A009,2025-07-18,44.6,1,48.5,9,33.1,0,22.7,74.4
SN-A009,2025-07-31,43.5,5,57.7,8,42.1,3,20.1,75.6
SN-A009,2025-08-07,0,0,0,0,0,0,0,0
SN-A009,2025-08-10,53.2,9,47.2,3,38.1,1,24.5,70.2
SN-A009,2025-10-13,39.1,3,48.2,4,35.7,3,14.4,74.2
SN-A009,2025-10-31,51.3,1,53.7,8,44.0,4,23.0,67.7
SN-A009,2026-01-14,41.2,3,48.1,10,43.2,7,21.2,74.2
SN-A010,2025-01-04,42.6,4,0,0,44.4,0,23.0,65.9
SN-A010,2025-02-03,48.5,6,54.3,3,42.3,1,23.3,72.9
SN-A010,2025-05-06,51.7,10,47.1,2,0,0,11.9,74.5
SN-A010,2025-05-08,35.4,7,58.0,12,38.0,0,11.3,70.3
SN-A010,2025-06-18,44.3,1,45.4,0,31.6,6,14.9,68.0
SN-A010,2025-07-28,46.8,9,58.6,10,0,0,0,0
SN-A010,2026-01-04,44.2,,55.4,6,0,0,23.5,77.7
SN-A010,2026-02-03,39.8,2,64.7,11,49.9,6,21.9,75.4
SN-A011,2025-02-20,53.3,9,49.9,1,48.7,3,22.1,63.2
SN-A011,2025-03-04,54.2,3,52.7,6,30.5,3,19.6,74.3
SN-A011,2025-03-04,44.0,6,49.1,1,31.8,8,17.0,66.9
SN-A011,2025-03-30,52.6,0,61.0,3,39.1,1,18.7,74.8
SN-A011,2025-05-14,47.1,8,0,0,46.0,4,17.7,68.0
SN-A011,2025-08-28,44.9,0,47.9,11,36.0,2,18.9,76.8
SN-A011,2025-09-21,40.5,8,48.6,11,0,0,15.6,63.1
SN-A011,2025-11-02,0,0,50.6,8,38.0,1,22.6,78.8
SN-A011,2025-11-18,38.1,7,52.6,8,33.4,5,14.6,72.0
SN-A011,2026-01-12,0,0,64.6,3,35.6,4,10.7,62.5
SN-A011,2026-01-15,52.1,4,0,0,42.7,0,22.4,64.4
SN-A011,2026-01-28,42.4,6,0,0,45.1,5,22.7,77.2
SN-A012,2025-01-19,39.8,1,64.4,8,32.6,0,18.4,79.3
SN-A012,2025-03-05,44.4,6,63.2,4,37.4,7,14.4,65.9
SN-A012,2025-03-12,0,0,59.4,8,37.0,8,13.2,77.0
SN-A012,2025-05-03,42.0,3,58.9,5,31.5,3,0,0
SN-A012,2025-07-02,0,0,57.3,8,37.1,4,18.8,64.4
SN-A012,2025-07-05,0,0,51.8,12,30.9,0,21.6,78.7
SN-A012,2025-07-14,0,0,0,0,0,0,0,0
SN-A012,2025-07-19,47.6,9,52.5,10,47.0,0,11.4,71.0
SN-A012,2025-07-22,48.6,0,63.8,0,34.3,0,13.1,79.5
SN-A012,2025-08-18,47.8,0,53.1,12,49.7,8,23.9,67.8
SN-A012,2025-09-28,46.3,8,51.0,11,40.8,0,13.1,66.8
SN-A012,2025-12-23,51.0,0,63.3,11,43.8,6,21.8,65.5
SN-A012,2025-12-26,36.6,10,45.6,4,44.1,1,21.7,75.6
SN-A012,2026-01-12,42.5,0,55.4,5,33.1,6,0,0
SN-A013,2025-01-19,0,0,0,0,0,0,0,0
SN-A013,2025-05-25,46.5,6,46.1,11,32.8,3,24.7,66.2
SN-A013,2025-05-30,0,0,0,0,0,0,0,0
SN-A013,2025-06-02,0,0,0,0,0,0,0,0
SN-A013,2025-07-20,49.9,4,54.7,0,43.5,4,0,0
SN-A013,2025-07-29,45.2,4,64.2,4,38.2,4,15.4,76.2
SN-A013,2025-09-13,0,0,0,0,46.4,8,10.9,61.2
SN-A013,2025-12-04,43.5,10,60.9,3,0,0,13.4,66.9
SN-A014,2025-04-15,38.2,4,60.1,2,38.0,0,15.3,65.6
SN-A014,2025-05-25,44.2,1,49.4,4,36.2,1,14.5,70.4
SN-A014,2025-07-07,46.9,1,63.6,3,39.7,1,24.0,79.0
SN-A014,2025-08-08,0,0,63.1,11,38.5,5,0,0
SN-A014,2025-11-24,43.6,7,60.6,7,32.1,5,24.4,69.4
SN-A014,2025-12-23,45.6,7,60.4,10,49.8,5,11.1,61.1
SN-A014,2026-01-23,45.4,10,50.1,1,42.7,0,0,0
SN-A015,2025-01-12,35.1,9,51.6,5,41.3,2,0,0
SN-A015,2025-01-21,0,0,0,0,0,0,0,0
SN-A015,2025-03-16,52.2,1,45.1,7,0,0,21.4,78.4
SN-A015,2025-05-07,52.7,0,64.0,4,45.7,6,12.5,62.2
SN-A015,2025-06-16,54.7,0,60.6,8,36.4,5,16.2,68.9
SN-A015,2025-07-18,41.6,7,48.9,12,31.4,0,12.4,69.3
SN-A015,2025-07-28,54.3,0,52.4,11,31.9,2,23.9,60.6
SN-A015,2025-08-08,0,0,56.5,9,35.5,1,10.0,62.3
SN-A015,2025-09-05,38.4,8,57.3,11,0,0,20.4,60.2
SN-A015,2025-09-16,0,0,54.1,2,39.6,7,18.0,67.2
SN-A015,2025-10-21,49.9,0,50.7,7,33.0,1,21.7,67.1
SN-A015,2025-11-08,37.9,8,64.5,6,30.1,8,0,0
SN-A015,2025-11-08,41.9,6,55.5,9,49.9,3,12.0,62.1
SN-A015,2025-12-06,0,0,0,0,0,0,0,0
SN-A015,2025-12-12,48.9,4,57.8,0,40.8,6,22.2,72.2
SN-A015,2026-01-05,0,0,62.3,9,49.5,8,18.6,63.6
SN-A015,2026-01-26,45.4,0,52.8,4,34.1,0,0,0
SN-A016,2025-02-06,41.7,2,54.7,3,37.7,4,21.3,73.4
SN-A016,2025-04-18,49.0,10,0,0,46.8,3,17.1,79.4
SN-A016,2025-04-24,0,0,0,0,0,0,0,0
SN-A016,2025-05-27,45.1,3,0,0,33.4,2,10.6,63.8
SN-A016,2025-07-17,44.3,1,56.4,7,43.1,6,13.7,74.4
SN-A016,2025-07-24,44.9,0,64.2,0,32.6,2,13.0,77.3
SN-A016,2025-07-27,46.4,6,52.9,10,34.0,2,23.7,68.5
SN-A016,2025-08-14,42.1,0,60.1,5,31.7,0,10.1,79.9
SN-A016,2025-10-03,52.1,0,63.5,1,42.7,0,13.7,60.1
SN-A016,2025-10-11,0,0,49.9,1,43.6,8,0,0
SN-A016,2025-10-21,54.6,2,64.1,8,0,0,19.0,64.8
SN-A016,2025-10-22,48.4,4,57.1,10,0,0,10.9,67.6
SN-A016,2026-01-19,41.1,4,59.8,4,40.4,1,18.6,79.2
SN-A016,2026-01-31,38.6,0,62.5,10,31.8,6,16.0,60.8
SN-A017,2025-01-09,54.0,7,61.1,1,0,0,24.2,77.6
SN-A017,2025-01-14,45.0,2,0,0,40.5,7,18.1,73.8
SN-A017,2025-01-30,39.8,4,51.3,9,39.1,7,15.4,78.1
SN-A017,2025-02-12,50.2,9,62.7,10,35.4,8,18.9,69.8
SN-A017,2025-03-13,35.7,6,53.1,6,0,0,24.5,74.7
SN-A017,2025-03-31,53.5,10,64.6,10,43.2,4,10.3,74.2
SN-A017,2025-05-01,47.2,9,63.3,6,36.0,0,24.1,63.7
SN-A017,2025-05-10,40.9,8,53.5,1,49.4,6,21.8,60.7
SN-A017,2025-06-06,0,0,0,0,0,0,0,0
SN-A017,2025-06-07,40.4,4,57.9,1,33.2,1,11.3,70.2
SN-A017,2025-06-21,54.2,8,54.6,9,37.8,1,17.1,62.9
SN-A017,2025-09-15,38.8,8,51.7,7,39.5,6,20.3,72.0
SN-A017,2025-09-28,37.2,8,52.6,8,40.6,0,19.2,68.4
SN-A017,2025-10-28,0,0,0,0,0,0,0,0
SN-A017,2025-11-16,40.0,6,62.3,10,48.2,6,16.9,64.2
SN-A017,2025-12-14,52.2,3,62.2,2,35.6,1,20.0,67.8
SN-A017,2025-12-23,43.4,0,54.6,4,39.2,5,18.4,75.5
SN-A018,2025-01-03,36.9,7,54.3,11,42.5,7,14.4,63.5
SN-A018,2025-03-18,48.2,1,47.6,6,35.6,2,22.1,65.7
SN-A018,2025-04-01,53.8,6,56.2,5,34.2,0,21.5,68.3
SN-A018,2025-04-02,44.1,3,55.3,5,0,0,23.1,78.0
SN-A018,2025-04-12,44.2,10,63.4,1,35.3,5,12.1,66.3
SN-A018,2025-05-23,45.7,8,63.0,10,45.9,0,16.8,62.2
SN-A018,2025-06-12,50.1,2,64.2,4,49.2,6,23.0,66.9
SN-A018,2025-06-18,37.3,10,48.8,1,38.1,2,15.2,62.9
SN-A018,2025-08-19,47.7,0,50.0,4,42.9,7,24.2,76.4
SN-A018,2025-09-17,41.1,5,54.4,8,43.7,5,11.3,75.6
SN-A018,2025-11-08,37.5,5,53.2,10,32.5,8,21.3,64.6
SN-A018,2025-11-19,50.0,3,56.4,4,34.6,4,15.5,63.0
SN-A018,2025-12-02,0,0,61.9,6,31.8,0,23.2,78.1
SN-A018,2025-12-16,42.0,8,45.5,3,44.9,7,0,0
SN-A018,2025-12-18,47.6,9,57.7,0,30.9,2,14.2,60.9
SN-A018,2026-01-24,55.0,1,60.3,9,32.3,3,15.7,66.7
SN-A019,2025-03-04,0,0,0,0,0,0,0,0
SN-A019,2025-05-19,46.6,5,53.4,5,38.7,3,10.3,70.8
SN-A019,2025-05-23,52.0,5,64.6,8,0,0,25.0,60.5
SN-A019,2025-07-22,48.7,4,49.3,3,48.4,0,23.0,66.6
SN-A019,2025-08-07,40.8,2,62.4,10,34.3,0,17.4,72.0
SN-A019,2025-08-19,0,0,50.9,11,40.0,7,20.7,65.3
SN-A019,2025-09-23,53.7,5,56.2,10,34.6,1,18.9,77.8
SN-A019,2025-09-28,54.7,9,60.9,5,48.5,0,22.8,77.6
SN-A019,2025-10-05,41.6,1,58.0,3,31.5,8,10.5,73.7
SN-A019,2025-10-19,51.0,2,53.8,6,35.3,2,20.4,60.8
SN-A019,2025-11-01,0,0,52.4,1,45.7,2,15.8,73.0
SN-A019,2026-01-22,42.9,10,59.4,10,0,0,19.1,73.2
SN-A020,2025-01-08,0,0,0,0,0,0,0,0
SN-A020,2025-01-21,51.8,9,51.6,7,46.9,0,16.5,77.1
SN-A020,2025-01-22,37.4,7,58.6,8,36.8,0,20.3,76.9
SN-A020,2025-01-29,42.8,2,47.9,2,43.3,8,14.0,76.2
SN-A020,2025-02-23,0,0,62.7,5,41.4,0,24.6,79.2
SN-A020,2025-05-23,0,0,0,0,0,0,0,0
SN-A020,2025-06-01,46.8,1,62.4,9,50.0,2,14.8,70.1
SN-A020,2025-07-20,37.1,2,60.2,5,0,0,20.7,63.3
SN-A020,2025-08-04,46.3,6,58.4,12,35.3,4,11.6,66.7
SN-A020,2025-10-06,38.8,0,61.3,7,42.5,5,15.2,80.0
SN-A020,2025-10-21,35.9,1,61.6,7,45.4,7,23.0,74.0
SN-A020,2025-11-21,45.3,2,52.3,8,49.0,3,10.7,65.1
SN-A020,2025-11-29,39.2,9,56.6,9,48.3,4,14.9,77.9
SN-A020,2025-12-28,35.5,9,58.7,7,48.2,1,15.6,69.2
SN-A020,2025-12-30,38.2,9,62.6,12,49.7,7,24.2,77.1
SN-B001,2025-01-27,42.9,3,64.5,4,44.6,6,19.0,67.9
SN-B001,2025-02-20,0,0,0,0,0,0,0,0
SN-B001,2025-04-16,0,0,0,0,0,0,0,0
SN-B001,2025-04-21,51.0,1,50.8,2,33.9,4,11.5,62.1
SN-B001,2025-06-09,40.2,4,64.2,12,36.0,8,20.6,60.0
SN-B001,2025-06-14,0,0,0,0,0,0,0,0
SN-B001,2025-07-02,49.7,4,46.6,10,0,0,24.3,77.2
SN-B001,2025-09-04,49.3,8,53.3,2,39.5,7,13.4,69.4
SN-B001,2025-10-17,51.6,5,61.1,5,0,0,16.5,78.6
SN-B001,2025-12-29,48.1,6,0,0,46.2,4,18.9,69.9
SN-B001,2026-01-30,35.3,9,0,0,41.9,8,24.3,79.5
SN-B002,2025-01-11,50.9,8,46.2,7,30.0,5,10.6,63.4
SN-B002,2025-02-17,49.0,0,60.6,11,35.8,3,11.9,66.0
SN-B002,2025-05-02,0,0,58.3,11,44.5,1,12.7,64.1
SN-B002,2025-06-26,44.6,0,0,0,0,0,0,0
SN-B002,2025-06-29,45.5,6,54.3,2,36.6,3,10.9,74.3
SN-B002,2025-07-03,46.6,4,57.1,8,35.8,5,0,0
SN-B002,2025-07-07,52.8,6,55.1,11,36.9,3,0,0
SN-B002,2025-07-08,48.4,1,46.5,0,43.1,7,24.8,62.5
SN-B002,2025-07-29,45.1,8,61.8,12,38.1,8,21.4,63.0
SN-B002,2025-08-19,52.3,1,47.3,4,42.0,5,0,0
SN-B002,2025-08-30,45.6,10,52.6,7,0,0,15.8,64.3
SN-B002,2025-09-17,0,0,61.1,3,32.8,6,15.8,78.1
SN-B002,2025-10-22,38.4,4,47.3,3,41.8,4,19.6,79.7
SN-B002,2025-11-01,53.1,2,51.6,5,40.6,0,16.5,61.6
SN-B002,2025-11-24,38.3,8,0,0,30.0,8,24.7,76.8
SN-B003,2025-02-17,48.5,4,56.4,4,38.0,8,21.7,78.1
SN-B003,2025-02-23,38.0,5,58.6,5,35.4,0,24.0,61.8
SN-B003,2025-03-04,41.2,8,60.7,4,43.5,2,14.5,69.1
SN-B003,2025-03-13,44.1,9,61.5,0,46.7,1,0,0
SN-B003,2025-03-20,49.0,9,56.4,1,0,0,11.9,67.6
SN-B003,2025-04-09,0,0,56.7,3,44.8,2,23.1,62.0
SN-B003,2025-04-21,53.2,0,52.7,0,46.9,8,22.1,70.5
SN-B003,2025-05-15,39.4,9,54.2,10,48.9,6,24.4,70.4
SN-B003,2025-07-10,46.7,8,61.1,9,30.4,3,15.6,71.7
SN-B003,2025-08-15,50.8,8,48.8,2,36.1,0,14.9,71.1
SN-B003,2025-09-09,42.4,8,57.7,9,49.5,8,16.9,70.5
SN-B003,2025-09-22,42.8,4,64.4,11,37.1,3,16.6,72.0
SN-B003,2025-10-03,50.8,5,57.0,11,48.2,8,13.7,69.9
SN-B003,2025-10-09,42.0,9,63.0,11,38.8,0,21.9,67.2
SN-B003,2025-10-17,36.5,3,47.0,12,43.8,8,10.8,68.7
SN-B003,2025-10-18,48.1,6,56.7,12,47.9,8,16.7,75.9
SN-B003,2025-11-03,46.1,6,54.0,11,49.8,4,15.3,75.3
SN-B003,2025-12-27,35.8,3,51.5,1,0,0,14.4,64.7
SN-B004,2025-01-14,51.3,4,53.6,6,49.1,7,12.1,67.4
SN-B004,2025-01-24,35.8,0,58.4,4,38.9,5,20.4,74.4
SN-B004,2025-03-04,48.3,3,55.0,1,32.9,5,11.6,77.6
SN-B004,2025-03-10,42.2,7,51.8,2,33.9,2,23.7,67.6
SN-B004,2025-03-25,37.3,1,58.8,8,45.4,6,20.1,63.5
SN-B004,2025-05-15,52.5,1,59.8,9,33.6,4,14.2,61.2
SN-B004,2025-12-07,36.6,5,58.5,0,0,0,0,0
SN-B005,2025-01-07,54.2,10,63.6,0,44.7,5,22.0,79.0
SN-B005,2025-04-03,53.2,3,62.0,4,41.1,2,0,0
SN-B005,2025-04-13,42.7,0,50.9,10,33.5,3,13.0,73.0
SN-B005,2025-04-21,52.1,0,54.4,1,44.2,7,22.0,72.7
SN-B005,2025-05-04,55.0,5,58.6,5,47.4,6,18.6,60.9
SN-B005,2025-11-24,35.8,5,47.2,0,41.6,6,17.7,64.0
SN-B005,2025-12-11,48.2,9,46.6,6,40.0,2,24.6,74.7
SN-B005,2026-01-12,50.4,0,61.9,10,33.7,5,18.8,67.7
SN-B005,2026-02-01,50.7,6,45.9,2,0,0,15.7,68.8
SN-B006,2025-01-17,46.9,8,57.1,10,0,0,15.0,66.0
SN-B006,2025-02-11,36.5,7,64.7,10,49.6,1,0,0
SN-B006,2025-03-31,39.5,7,47.6,10,45.8,0,14.3,74.0
SN-B006,2025-05-01,46.2,5,54.3,0,32.3,0,15.5,73.0
SN-B006,2025-08-31,40.5,9,52.0,1,49.4,3,18.5,69.3
SN-B006,2025-09-14,51.7,4,48.7,4,49.9,4,11.8,79.0
SN-B006,2025-09-30,44.9,0,0,0,44.8,5,19.8,61.3
SN-B006,2025-12-29,54.0,6,51.4,0,32.9,0,18.6,61.4
SN-B006,2026-01-05,39.1,3,57.2,2,39.0,6,12.9,65.8
SN-B006,2026-01-13,0,0,0,0,0,0,0,0
SN-B006,2026-01-25,43.7,1,58.9,3,39.0,0,10.8,70.5
SN-B007,2025-04-17,35.3,10,56.5,5,37.0,6,21.5,74.3
SN-B007,2025-04-27,51.8,9,56.5,0,32.7,7,18.8,76.6
SN-B007,2025-08-20,0,0,59.1,9,46.5,0,19.2,78.1
SN-B007,2025-11-02,43.4,6,56.8,3,35.8,2,16.0,76.8
SN-B007,2025-11-14,47.6,0,52.5,10,40.8,3,21.6,79.8
SN-B007,2025-12-15,51.0,8,48.1,10,0,0,14.3,62.2
SN-B007,2025-12-17,39.6,1,64.0,3,41.5,4,18.6,60.2
SN-B007,2026-01-08,38.3,9,51.6,9,37.6,1,13.5,61.0
SN-B008,2025-01-10,36.8,0,64.9,1,36.4,1,14.2,64.7
SN-B008,2025-02-16,49.6,4,46.8,5,38.3,1,13.8,65.2
SN-B008,2025-03-15,53.3,7,56.9,10,41.1,8,12.3,67.2
SN-B008,2025-04-23,46.8,0,0,0,49.6,0,20.3,66.0
SN-B008,2025-05-05,54.8,6,55.7,3,37.8,4,21.7,75.8
SN-B008,2025-06-02,44.5,3,50.9,2,39.2,5,12.8,62.0
SN-B008,2025-06-23,37.4,10,58.5,5,40.6,3,20.1,75.9
SN-B008,2025-06-23,50.2,2,0,0,45.8,8,10.3,79.6
SN-B008,2025-07-23,50.4,9,55.5,1,34.3,1,21.9,64.6
SN-B008,2025-08-06,46.4,6,49.8,11,34.2,4,19.1,67.2
SN-B009,2025-02-17,48.8,2,0,0,38.2,2,22.1,67.0
SN-B009,2025-04-29,53.5,8,52.9,3,49.1,8,0,0
SN-B009,2025-08-28,52.0,1,61.0,9,41.6,3,13.3,66.4
SN-B009,2025-08-28,35.5,8,46.1,7,36.9,5,11.6,69.9
SN-B009,2025-09-23,49.7,10,55.6,8,41.9,3,14.5,62.2
SN-B009,2025-11-07,0,0,0,0,0,0,0,0
SN-B010,2025-01-24,36.6,2,62.6,0,40.3,1,18.1,61.5
SN-B010,2025-02-20,46.2,8,45.9,6,33.1,4,12.6,78.4
SN-B010,2025-03-27,35.5,10,54.5,6,34.0,2,11.7,65.2
SN-B010,2025-05-06,50.0,2,63.3,10,32.2,3,21.6,74.4
SN-B010,2025-07-16,43.8,10,61.9,12,43.1,2,20.9,62.4
SN-B010,2025-08-30,38.4,5,49.6,9,34.9,1,15.0,70.3
SN-B010,2025-09-10,49.4,7,62.4,10,37.9,6,20.2,71.5
SN-B010,2025-09-28,43.1,10,0,0,47.8,0,16.6,71.7
SN-B010,2025-11-27,53.6,1,59.8,12,41.2,3,19.5,75.8
SN-B010,2025-12-19,41.6,7,59.7,8,41.7,3,17.7,71.7
SN-B011,2025-01-02,52.7,2,57.7,1,36.0,6,13.7,60.8
SN-B011,2025-01-17,0,0,0,0,0,0,0,0
SN-B011,2025-02-26,47.4,3,63.8,0,48.0,8,21.8,73.7
SN-B011,2025-03-09,45.7,9,54.4,12,0,0,16.9,75.2
SN-B011,2025-05-09,49.3,9,52.6,8,32.6,5,21.9,68.6
SN-B011,2025-06-23,49.7,6,59.8,5,40.1,8,19.4,66.2
SN-B011,2025-12-06,46.9,1,53.4,12,40.4,1,15.4,70.6
SN-B012,2025-01-12,50.1,7,62.8,5,42.8,1,0,0
SN-B012,2025-02-08,37.1,8,0,0,37.3,0,18.5,78.5
SN-B012,2025-03-30,36.6,1,51.4,8,46.3,8,16.5,73.0
SN-B012,2025-04-09,54.8,1,55.7,2,48.8,6,11.7,63.7
SN-B012,2025-04-13,0,0,51.7,6,0,0,0,0
SN-B012,2025-04-19,48.4,3,59.7,5,0,0,0,0
SN-B012,2025-08-10,45.8,9,0,0,39.5,2,13.5,69.0
SN-B012,2025-08-14,40.6,10,0,0,34.4,7,11.5,79.0
SN-B012,2025-09-14,53.3,1,55.5,7,31.0,7,0,0
SN-B012,2025-11-05,52.0,8,61.2,10,49.9,4,0,0
SN-B012,2025-12-23,54.8,1,48.3,1,46.8,4,23.5,70.3
SN-B013,2025-03-07,0,0,0,0,0,0,0,0
SN-B013,2025-03-17,35.2,9,62.0,0,40.9,7,14.9,75.4
SN-B013,2025-08-20,0,0,0,0,38.2,5,22.2,60.3
SN-B013,2025-10-02,45.7,4,45.8,6,39.9,5,17.3,75.5
SN-B013,2025-11-11,49.0,0,52.7,6,33.7,6,19.0,67.9
SN-B013,2026-01-30,54.7,5,49.8,5,38.6,1,10.8,64.0
SN-B014,2025-01-19,49.6,4,61.8,10,0,0,10.6,73.2
SN-B014,2025-01-31,53.5,6,53.5,12,38.0,6,0,0
SN-B014,2025-07-15,35.3,3,52.1,4,47.2,8,14.1,68.4
SN-B014,2025-08-23,54.6,0,60.0,3,39.1,8,15.7,78.7
SN-B014,2025-10-05,36.6,5,64.4,8,48.7,2,21.6,77.6
SN-B014,2026-01-11,52.6,8,0,0,42.7,7,17.7,72.6
SN-B015,2025-01-31,0,0,0,0,0,0,0,0
SN-B015,2025-04-12,50.3,5,45.6,6,43.7,4,10.9,74.7
SN-B015,2025-05-13,0,0,62.8,2,0,0,20.7,74.3
SN-B015,2025-05-24,54.6,3,60.8,2,0,0,16.4,64.2
SN-B015,2025-07-19,50.4,0,56.4,6,48.4,8,18.4,73.4
SN-B015,2025-07-28,38.7,8,54.4,8,44.7,8,21.7,73.5
SN-B015,2025-08-23,46.4,0,54.0,0,36.6,4,0,0
SN-B015,2025-10-28,54.2,2,56.2,5,0,0,12.7,61.3
SN-B015,2025-11-22,43.3,8,61.0,1,0,0,22.9,73.9
SN-B015,2025-12-16,38.3,3,51.8,2,36.8,0,17.3,60.8
SN-B016,2025-01-02,0,0,0,0,0,0,0,0
SN-B016,2025-04-15,55.0,8,50.2,3,0,0,23.6,79.0
SN-B016,2025-07-06,52.5,1,51.6,3,38.2,6,14.6,68.1
SN-B016,2025-07-27,35.7,7,46.4,5,36.9,6,10.9,78.7
SN-B016,2025-11-10,52.8,7,57.4,9,45.2,8,24.4,60.9
SN-B016,2026-01-26,54.6,4,54.7,3,34.7,1,19.3,65.3
SN-B017,2025-01-03,51.9,5,61.0,2,46.3,1,17.3,77.3
SN-B017,2025-02-04,44.0,7,52.1,8,30.0,6,11.7,68.5
SN-B017,2025-03-16,41.2,2,50.9,10,31.9,4,15.0,63.6
SN-B017,2025-06-29,47.9,5,55.5,1,34.3,8,15.6,75.2
SN-B017,2025-07-12,47.5,2,55.9,10,43.0,7,21.6,64.2
SN-B017,2025-08-19,49.7,9,61.0,1,48.1,0,22.2,79.8
SN-B017,2025-08-24,49.1,9,51.7,3,48.5,4,13.8,66.6
SN-B017,2025-09-10,36.5,4,46.3,11,41.6,0,23.7,64.2
SN-B017,2025-10-23,48.7,1,58.8,7,46.0,4,12.8,69.6
SN-B017,2025-12-31,54.5,10,50.7,9,38.8,0,23.3,73.3
SN-B017,2026-01-27,49.1,0,56.1,2,37.2,4,23.9,68.4
SN-B017,2026-02-01,41.1,7,53.5,1,38.4,5,15.5,69.5
SN-B018,2025-02-14,46.8,4,58.4,5,39.6,7,12.1,60.1
SN-B018,2025-03-22,54.0,6,47.9,10,36.6,4,17.1,74.9
SN-B018,2025-03-28,40.4,7,56.8,9,32.8,7,15.2,73.1
SN-B018,2025-06-06,49.9,4,55.7,0,38.1,2,18.7,78.8
SN-B018,2025-08-01,35.3,0,55.8,3,36.6,8,0,0
SN-B018,2025-08-13,54.7,9,52.0,3,31.2,8,22.9,63.8
SN-B018,2025-08-19,44.1,1,46.5,12,47.2,7,10.4,73.4
SN-B018,2025-08-24,51.5,4,48.3,11,37.0,1,14.9,74.0
SN-B018,2025-09-27,41.3,9,54.6,6,44.4,2,23.6,72.6
SN-B018,2025-10-22,48.5,9,55.0,8,36.8,2,13.6,77.4
SN-B018,2025-11-14,41.6,9,55.9,6,32.7,6,15.1,68.8
SN-B018,2026-01-10,45.4,10,46.2,12,0,0,21.4,62.6
SN-B019,2025-01-08,45.4,10,60.1,7,33.9,3,0,0
SN-B019,2025-04-15,39.3,4,47.5,10,39.5,3,20.9,76.5
SN-B019,2025-05-10,0,0,0,0,0,0,0,0
SN-B019,2025-06-04,35.8,8,61.6,5,31.4,1,0,0
SN-B019,2025-06-08,0,0,0,0,0,0,0,0
SN-B019,2025-06-12,35.2,2,57.2,10,47.3,2,13.7,78.5
SN-B019,2025-12-27,55.0,10,56.0,9,37.7,1,12.3,64.7
SN-B020,2025-05-02,0,0,49.1,1,34.3,2,23.3,71.2
SN-B020,2025-07-14,48.1,5,51.5,2,31.5,7,10.6,79.1
SN-B020,2025-07-26,54.7,4,63.5,4,43.7,4,0,0
SN-B020,2025-08-26,42.4,10,50.7,7,0,0,16.2,62.2
SN-B020,2025-10-11,46.2,7,0,0,35.6,2,20.6,78.4
SN-B020,2025-11-01,50.6,3,59.3,6,37.3,6,13.2,64.3
SN-B020,2025-11-11,38.1,3,56.0,5,30.7,1,19.7,61.8
SN-B020,2025-12-04,49.8,1,59.2,1,38.4,5,16.9,74.0
SN-B020,2025-12-08,0,0,53.2,10,42.8,7,14.0,63.1
SN-C001,2025-01-15,54.4,0,61.9,6,36.7,3,15.6,77.6
SN-C001,2025-02-02,39.2,10,56.0,10,46.2,0,10.2,72.4
SN-C001,2025-02-10,36.0,7,54.6,8,46.4,6,24.7,76.9
SN-C001,2025-02-12,40.8,6,52.6,10,42.3,3,10.4,78.2
SN-C001,2025-02-20,50.7,4,58.1,10,36.0,7,17.1,60.4
SN-C001,2025-03-12,50.4,10,0,0,0,0,23.3,60.8
SN-C001,2025-03-31,38.9,0,50.7,8,40.9,8,13.9,64.5
SN-C001,2025-05-15,41.4,6,57.5,8,32.1,2,12.2,66.6
SN-C001,2025-07-17,0,0,47.3,11,47.4,0,14.8,64.6
SN-C001,2025-10-04,38.5,3,58.8,2,48.0,8,16.5,78.5
SN-C001,2025-10-31,39.7,3,0,0,40.0,7,15.7,73.6
SN-C002,2025-02-24,0,0,52.0,8,42.0,8,18.3,60.7
SN-C002,2025-03-16,40.1,3,50.0,2,43.9,6,19.6,62.7
SN-C002,2025-04-07,55.0,0,54.0,1,43.2,0,14.8,64.5
SN-C002,2025-04-30,37.0,6,57.6,5,46.3,1,0,0
SN-C002,2025-05-30,45.5,1,48.3,5,31.3,8,22.2,77.8
SN-C002,2025-06-26,36.6,5,47.9,4,41.7,4,13.8,76.8
SN-C002,2025-07-01,0,0,52.5,0,34.3,3,11.3,69.3
SN-C002,2025-07-02,36.8,3,52.9,4,46.7,1,22.4,64.9
SN-C002,2025-11-01,0,0,48.4,12,48.2,1,17.4,65.5
SN-C002,2025-12-04,36.9,4,45.2,2,33.0,0,0,0
SN-C002,2025-12-16,46.7,4,53.7,7,42.1,7,21.6,76.3
SN-C002,2025-12-24,49.3,6,62.2,6,49.8,2,16.3,66.0
SN-C003,2025-01-31,47.7,10,49.9,6,47.1,8,22.8,68.5
SN-C003,2025-02-10,49.1,10,54.9,11,0,0,10.9,72.0
SN-C003,2025-02-13,45.2,8,45.7,12,49.6,7,12.1,78.3
SN-C003,2025-04-08,52.2,4,62.2,11,39.9,0,17.2,75.4
SN-C003,2025-05-03,54.6,3,0,0,30.6,5,19.4,68.3
SN-C003,2025-05-05,53.5,9,58.1,12,48.9,3,13.4,66.4
SN-C003,2025-05-08,39.3,1,58.0,10,44.3,4,14.0,61.6
SN-C003,2025-05-29,36.0,7,53.4,1,0,0,24.7,77.6
SN-C003,2025-08-01,49.0,6,58.6,8,31.0,8,12.6,69.7
SN-C003,2025-10-30,42.9,2,62.9,11,37.5,6,22.5,72.9
SN-C003,2025-11-10,42.5,9,52.7,0,48.9,2,0,0
SN-C003,2025-11-19,45.9,3,62.5,4,0,0,0,0
SN-C003,2025-12-17,54.1,3,64.5,10,42.9,6,18.8,66.9
SN-C004,2025-03-22,0,0,59.7,1,34.2,4,19.5,78.0
SN-C004,2025-05-11,55.0,3,46.2,4,30.7,6,13.6,61.8
SN-C004,2025-05-23,40.3,2,51.5,11,42.4,8,15.6,64.8
SN-C004,2025-06-07,0,0,0,0,0,0,0,0
SN-C004,2025-06-23,51.2,7,55.2,10,40.3,7,19.4,77.6
SN-C004,2025-07-29,0,0,45.7,11,43.3,6,17.0,65.1
SN-C004,2025-10-05,0,0,59.1,2,45.6,4,18.1,74.6
SN-C004,2025-10-30,0,0,0,0,0,0,0,0
SN-C004,2025-11-06,54.0,6,54.7,9,47.7,8,23.2,69.0
SN-C004,2025-11-25,48.8,0,60.6,10,38.2,8,20.3,66.9
SN-C004,2025-12-24,47.7,0,60.0,8,31.3,5,23.0,73.6
SN-C004,2026-01-04,53.5,6,0,0,39.6,8,15.9,62.8
SN-C005,2025-03-15,44.1,4,51.1,12,36.8,3,22.5,71.8
SN-C005,2025-09-20,53.8,9,53.3,4,33.9,5,17.5,73.0
SN-C005,2025-10-10,52.8,6,49.4,11,0,0,0,0
SN-C005,2025-11-11,39.1,5,53.1,7,32.3,0,25.0,71.1
SN-C005,2025-12-25,39.0,5,53.7,5,38.6,0,24.0,73.1
SN-C005,2025-12-31,45.8,4,46.5,6,32.4,6,20.5,61.6
SN-C005,2026-01-30,53.9,6,49.3,4,34.5,0,21.3,63.7
SN-C005,2026-01-31,48.4,10,62.0,5,40.4,7,17.2,66.0
SN-C006,2025-03-22,50.0,8,50.4,4,32.7,6,0,0
SN-C006,2025-03-22,44.8,9,56.1,1,48.9,8,21.2,62.3
SN-C006,2025-05-30,53.7,8,64.2,6,33.1,2,19.7,79.8
SN-C006,2025-07-04,47.2,3,56.5,6,0,0,11.0,76.1
SN-C006,2025-08-29,50.6,1,57.5,5,35.0,0,0,0
SN-C006,2025-11-11,37.0,4,59.5,0,31.6,3,22.9,69.1
SN-C006,2025-12-03,36.9,3,47.6,6,0,0,15.3,69.1
SN-C006,2025-12-11,41.7,7,64.8,6,32.7,4,11.9,66.2
SN-C006,2025-12-13,50.5,10,45.5,11,49.0,8,22.6,77.0
SN-C007,2025-09-07,36.9,5,59.5,9,46.5,1,21.9,61.5
SN-C007,2025-11-27,0,0,62.1,10,39.8,6,22.7,62.8
SN-C008,2025-04-13,0,0,48.4,7,45.2,3,16.5,76.4
SN-C008,2025-05-28,49.0,6,48.1,9,32.5,7,16.6,79.3
SN-C008,2025-06-03,47.2,4,58.0,7,37.3,6,14.4,77.9
SN-C008,2025-06-12,53.0,7,46.1,10,43.4,7,13.6,68.5
SN-C008,2025-07-10,47.7,5,62.0,9,45.9,2,22.7,65.7
SN-C008,2025-08-18,48.7,2,49.0,11,49.4,4,12.8,76.3
SN-C008,2025-08-30,38.0,2,49.5,5,35.7,2,12.7,60.1
SN-C008,2025-10-07,40.4,0,47.8,10,30.0,4,22.7,63.6
SN-C008,2025-11-28,0,0,47.0,9,49.4,1,13.5,79.4
SN-C008,2025-12-28,41.6,5,63.3,12,37.1,0,23.6,78.9
SN-C008,2026-01-31,43.7,9,59.8,4,39.6,6,15.5,75.4
SN-C008,2026-02-01,52.5,4,61.7,4,30.7,1,19.0,63.6
SN-C009,2025-01-07,42.9,2,56.1,11,39.7,1,21.4,76.2
SN-C009,2025-01-10,36.8,10,51.1,3,42.1,1,17.2,75.2
SN-C009,2025-01-16,42.1,5,62.3,1,0,0,18.6,68.8
SN-C009,2025-01-28,0,0,46.1,7,39.5,7,21.7,60.8
SN-C009,2025-03-11,46.9,0,55.5,1,47.2,7,24.7,77.0
SN-C009,2025-05-27,0,0,0,0,0,0,0,0
SN-C009,2025-07-27,40.2,1,58.6,2,40.9,7,12.3,74.7
SN-C009,2025-08-14,50.3,7,56.3,1,33.1,4,10.2,60.6
SN-C009,2025-08-17,37.0,1,56.7,7,40.5,2,21.6,66.1
SN-C009,2025-09-25,49.0,7,64.5,9,36.0,6,23.1,79.4
SN-C009,2025-11-12,36.6,0,54.1,0,30.7,1,23.1,65.3
SN-C009,2025-11-25,52.2,10,53.5,3,39.6,6,24.2,61.9
SN-C009,2026-01-03,46.2,1,64.5,3,49.1,8,0,0
SN-C009,2026-01-20,54.8,3,51.5,6,37.4,7,19.4,63.3
SN-C010,2025-04-10,0,0,57.5,5,43.5,5,19.9,75.7
SN-C010,2025-04-14,48.8,6,57.9,2,42.6,7,21.5,67.0
SN-C010,2025-04-14,38.5,6,65.0,0,36.3,1,13.9,79.4
SN-C010,2025-05-03,35.4,6,64.0,7,34.8,5,19.8,68.7
SN-C010,2025-05-13,45.7,0,51.7,8,36.8,0,21.4,68.0
SN-C010,2025-07-08,36.8,8,53.6,10,37.8,7,14.4,62.1
SN-C010,2025-07-20,43.6,8,59.0,11,31.0,0,20.1,69.6
SN-C010,2025-07-27,42.2,3,51.6,7,46.5,3,23.6,78.5
SN-C010,2025-08-27,0,0,52.9,11,44.9,7,16.2,77.8
SN-C010,2025-09-21,46.7,9,48.2,3,39.1,6,18.3,69.6
SN-C010,2026-01-01,37.5,2,47.2,7,47.2,2,24.3,60.4
SN-C010,2026-01-04,0,0,48.8,12,38.1,2,22.2,75.7
SN-C010,2026-01-10,36.4,8,62.8,2,47.9,1,19.6,62.3
SN-C011,2025-02-16,44.2,0,55.3,1,34.8,5,22.1,71.6
SN-C011,2025-03-23,36.5,7,61.8,5,46.3,5,10.9,70.4
SN-C011,2025-05-25,0,0,0,0,0,0,0,0
SN-C011,2025-07-20,42.5,4,54.6,10,42.5,8,20.2,79.0
SN-C011,2025-08-08,42.6,8,57.9,7,40.5,1,22.2,68.7
SN-C011,2025-09-17,35.3,1,0,0,44.5,6,10.2,75.4
SN-C011,2025-10-12,43.0,4,60.2,2,39.9,2,11.0,76.4
SN-C011,2026-01-24,35.0,2,46.8,9,39.4,6,24.1,76.1
SN-C012,2025-01-11,46.3,0,51.6,12,49.0,5,18.5,72.3
SN-C012,2025-02-23,54.9,9,51.5,4,41.0,8,17.4,76.2
SN-C012,2025-03-01,0,0,45.1,3,37.1,2,0,0
SN-C012,2025-04-05,40.9,8,0,0,42.9,0,0,0
SN-C012,2025-08-04,47.9,0,52.1,6,48.4,2,24.3,76.7
SN-C012,2025-12-13,36.2,9,49.7,9,40.4,1,19.1,72.0
SN-C012,2026-01-02,37.6,0,47.4,11,48.0,6,11.8,66.8
SN-C012,2026-01-20,47.9,3,60.3,8,48.9,2,19.1,63.7
SN-C012,2026-01-22,54.8,10,0,0,34.7,6,21.6,65.3
SN-C013,2025-02-07,45.9,2,63.8,3,32.3,5,19.6,63.6
SN-C013,2025-03-09,37.9,6,54.3,5,33.0,6,17.4,67.2
SN-C013,2025-04-27,46.5,9,48.9,9,44.0,2,15.8,71.3
SN-C013,2025-06-25,53.7,5,47.9,9,43.2,7,22.3,61.9
SN-C013,2025-07-10,45.8,8,63.2,10,0,0,11.6,71.1
SN-C013,2025-10-04,47.4,2,56.2,10,32.2,5,13.0,79.5
SN-C014,2025-02-11,47.3,2,60.1,1,45.9,4,16.8,71.3
SN-C014,2025-02-15,0,0,0,0,0,0,0,0
SN-C014,2025-03-15,39.4,6,61.9,3,45.1,0,19.9,69.9
SN-C014,2025-05-29,54.6,4,53.1,0,32.2,5,0,0
SN-C014,2025-07-01,0,0,48.0,1,40.1,1,24.4,72.3
SN-C014,2025-10-14,41.7,7,0,0,37.7,8,0,0
SN-C014,2025-10-23,42.6,1,54.6,2,39.8,5,22.3,72.5
SN-C014,2025-11-19,43.0,2,52.9,4,31.8,0,13.0,63.9
SN-C014,2025-11-23,53.8,1,64.6,9,0,0,12.0,72.9
SN-C014,2026-01-25,54.3,0,55.0,5,40.1,6,19.7,67.6
SN-C014,2026-01-26,48.9,7,54.8,12,42.7,3,21.8,64.7
SN-C015,2025-01-23,53.7,5,62.0,6,33.6,1,23.4,76.1
SN-C015,2025-02-08,42.0,2,58.5,8,36.2,3,11.7,68.4
SN-C015,2025-04-16,37.5,5,60.5,7,32.5,2,0,0
SN-C015,2025-05-26,0,0,54.4,7,44.3,8,19.1,70.8
SN-C015,2025-05-29,43.4,10,58.1,12,44.9,7,12.9,72.2
SN-C015,2025-07-28,54.7,2,62.6,9,34.5,7,24.1,79.7
SN-C015,2025-08-04,53.3,3,62.1,0,35.1,8,14.5,68.0
SN-C015,2025-08-08,44.7,7,47.7,12,44.6,0,12.8,67.9
SN-C015,2025-08-19,51.0,5,59.4,6,30.3,8,0,0
SN-C015,2025-10-03,39.2,1,58.4,3,47.8,8,21.8,66.5
SN-C015,2025-10-16,36.9,9,0,0,37.0,8,15.9,61.7
SN-C015,2025-11-28,0,0,62.5,4,43.6,7,22.2,68.0
SN-C015,2026-01-06,46.2,1,56.4,12,43.8,2,0,0
SN-C016,2025-01-20,54.4,2,54.9,5,42.3,1,0,0
SN-C016,2025-07-06,35.9,2,59.8,5,49.8,3,16.7,73.7
SN-C016,2025-07-12,52.7,10,61.3,8,30.7,2,12.3,73.6
SN-C016,2025-08-03,50.1,10,46.0,5,38.3,1,24.3,63.1
SN-C016,2025-09-22,38.4,5,48.0,2,46.0,4,14.5,63.7
SN-C016,2025-11-08,36.5,5,50.4,5,32.3,3,0,0
SN-C016,2025-11-30,50.3,7,53.0,12,31.5,1,21.5,61.5
SN-C016,2025-12-23,36.3,8,52.3,4,48.9,8,13.0,73.4
SN-C017,2025-01-15,53.8,7,56.0,3,45.6,6,22.1,73.8
SN-C017,2025-01-19,54.1,0,56.3,7,43.3,8,0,0
SN-C017,2025-01-26,36.0,4,58.3,8,38.6,7,12.2,77.5
SN-C017,2025-01-27,37.0,6,61.3,2,36.9,7,10.9,66.3
SN-C017,2025-03-01,0,0,47.1,6,33.6,8,16.5,61.8
SN-C017,2025-03-05,50.6,8,61.5,4,36.1,7,0,0
SN-C017,2025-04-21,49.3,8,55.8,7,33.1,7,15.8,72.1
SN-C017,2025-04-22,0,0,47.0,5,43.8,6,17.2,73.0
SN-C017,2025-05-30,48.1,6,64.1,4,0,0,18.1,71.6
SN-C017,2025-07-03,44.0,1,58.4,3,38.5,8,18.3,70.3
SN-C017,2025-09-10,52.7,3,0,0,34.8,1,12.7,74.4
SN-C017,2025-09-28,52.1,9,45.5,7,31.3,0,24.6,67.4
SN-C018,2025-01-13,52.8,10,56.8,7,0,0,0,0
SN-C018,2025-02-03,35.2,4,49.1,3,47.0,6,20.8,69.7
SN-C018,2025-03-17,48.4,10,0,0,34.6,6,14.5,74.3
SN-C018,2025-06-16,47.9,1,60.8,9,47.6,1,10.0,70.5
SN-C018,2025-06-26,36.7,10,0,0,38.8,8,22.6,79.1
SN-C018,2025-07-02,54.5,7,57.8,5,36.0,6,23.2,64.7
SN-C018,2025-08-15,41.6,9,46.8,3,49.9,1,21.1,66.4
SN-C018,2025-10-07,41.2,1,59.0,1,48.7,6,10.0,76.4
SN-C018,2025-10-24,52.4,10,60.2,12,30.6,4,0,0
SN-C018,2026-01-10,47.3,2,62.1,2,32.9,2,23.8,75.3
SN-C019,2025-02-04,51.4,9,47.0,2,44.6,0,0,0
SN-C019,2025-02-17,45.5,2,59.8,6,44.3,3,19.4,65.2
SN-C019,2025-04-15,51.5,4,57.6,12,34.5,7,19.0,72.0
SN-C019,2025-04-21,47.9,10,56.3,4,36.2,6,10.7,69.3
SN-C019,2025-05-03,0,0,0,0,0,0,0,0
SN-C019,2025-06-09,41.6,2,65.0,4,39.4,7,0,0
SN-C019,2025-07-31,41.2,7,55.6,6,39.5,6,22.0,78.6
SN-C019,2025-08-05,44.8,10,57.2,2,41.4,3,20.4,64.4
SN-C019,2025-10-26,40.7,3,52.9,11,41.3,1,0,0
SN-C019,2026-01-20,0,0,0,0,0,0,0,0
SN-C020,2025-01-23,52.2,0,60.4,8,32.8,3,11.6,72.0
SN-C020,2025-02-12,39.8,2,47.2,8,38.1,8,18.6,76.0
SN-C020,2025-02-23,38.8,0,61.4,0,48.5,6,23.9,73.5
SN-C020,2025-05-03,38.6,10,56.1,9,35.0,8,0,0
SN-C020,2025-06-22,48.4,0,54.3,12,36.8,1,0,0
SN-C020,2025-07-29,37.9,2,58.9,11,44.5,0,19.6,60.5
SN-C020,2025-08-01,0,0,54.7,1,46.6,4,20.0,67.0
SN-C020,2025-08-12,40.3,2,46.2,2,34.6,2,24.0,61.8
SN-C020,2025-09-01,52.3,9,52.7,4,46.3,7,24.3,75.0
SN-C020,2025-12-27,39.3,1,0,0,0,0,20.7,64.1
SN-D001,2025-06-13,53.4,1,56.5,6,35.2,5,0,0
SN-D001,2025-06-25,51.8,1,0,0,37.0,5,12.3,61.5
SN-D001,2025-07-11,42.8,10,62.1,12,46.9,8,10.4,79.9
SN-D001,2025-07-28,52.3,3,47.8,12,34.4,1,22.2,79.6
SN-D001,2025-09-09,37.8,2,63.1,4,40.5,0,19.3,78.0
SN-D001,2025-10-17,48.0,2,0,0,0,0,16.0,64.9
SN-D001,2025-11-04,0,0,50.3,5,48.0,4,11.0,69.2
SN-D002,2025-01-05,46.4,3,48.5,7,42.8,1,14.1,73.4
SN-D002,2025-02-26,45.1,6,58.3,0,40.2,2,22.1,67.8
SN-D002,2025-06-03,48.7,9,61.2,8,35.3,3,0,0
SN-D002,2025-07-11,39.3,2,62.3,10,39.6,4,18.4,67.3
SN-D002,2025-07-30,0,0,0,0,0,0,0,0
SN-D002,2025-08-17,47.3,9,56.8,9,44.9,5,13.9,66.9
SN-D002,2025-08-30,50.9,8,57.4,3,33.5,1,17.5,76.4
SN-D002,2025-10-01,49.6,6,50.6,9,48.0,1,21.0,64.1
SN-D002,2025-12-01,36.7,8,46.0,2,45.8,5,10.2,78.7
SN-D002,2026-01-28,45.2,5,55.0,4,34.0,6,11.0,73.1
SN-D003,2025-01-18,52.7,9,52.8,0,47.5,0,18.4,71.2
SN-D003,2025-02-12,50.6,10,49.8,9,45.8,2,12.0,63.6
SN-D003,2025-04-05,41.2,5,53.3,0,32.3,5,13.9,72.3
SN-D003,2025-05-15,35.2,8,49.3,12,45.7,6,13.1,78.3
SN-D003,2025-05-21,0,0,45.8,1,38.3,3,18.4,77.9
SN-D003,2025-06-10,44.4,4,53.2,11,42.2,1,18.2,68.3
SN-D003,2025-09-13,45.5,7,0,0,0,0,23.3,61.6
SN-D003,2025-09-23,36.4,6,0,0,39.1,5,13.5,78.3
SN-D003,2025-10-03,52.1,9,53.2,0,49.0,8,11.0,74.2
SN-D003,2025-10-06,46.3,10,0,0,49.8,7,12.0,78.5
SN-D003,2025-10-28,46.6,0,0,0,0,0,24.6,78.9
SN-D003,2025-11-11,49.5,5,49.0,3,34.8,1,20.6,61.8
SN-D003,2025-11-26,46.1,6,56.2,2,49.0,3,11.1,75.6
SN-D003,2025-12-09,39.2,4,59.5,8,37.6,0,16.2,67.9
SN-D003,2025-12-13,0,0,56.1,8,47.1,3,19.3,60.4
SN-D003,2026-01-12,48.0,7,55.4,0,0,0,18.7,63.1
SN-D004,2025-03-15,0,0,0,0,0,0,0,0
SN-D004,2025-03-25,44.7,9,58.7,6,43.1,7,23.4,76.4
SN-D004,2025-05-30,53.3,1,62.5,5,42.5,0,13.1,77.7
SN-D004,2025-08-13,50.7,9,0,0,37.5,8,16.1,69.8
SN-D004,2025-08-14,39.7,3,56.6,6,43.1,5,17.7,75.7
SN-D004,2025-09-20,35.6,8,61.7,6,43.5,2,0,0
SN-D004,2025-11-03,55.0,9,56.1,0,43.4,6,0,0
SN-D004,2025-11-04,45.3,5,50.7,4,33.4,7,23.5,69.3
SN-D004,2025-11-12,39.0,8,46.1,5,0,0,12.0,78.4
SN-D004,2025-12-31,0,0,63.0,3,32.4,2,11.8,61.2
SN-D005,2025-01-09,40.9,9,48.5,12,49.4,0,20.7,75.2
SN-D005,2025-03-24,44.8,2,60.8,12,33.4,8,15.9,61.6
SN-D005,2025-03-25,40.6,0,63.3,10,47.7,4,11.6,71.3
SN-D005,2025-04-18,39.0,1,53.4,11,32.0,8,23.5,70.5
SN-D005,2025-05-13,35.9,4,46.3,7,35.6,7,22.9,76.2
SN-D005,2025-05-22,0,0,0,0,47.8,6,24.9,75.0
SN-D005,2025-06-08,53.1,6,59.1,9,31.6,3,21.5,62.2
SN-D005,2025-06-17,35.5,10,0,0,44.2,8,22.8,65.8
SN-D005,2025-06-27,39.4,5,55.6,3,46.9,3,21.9,60.1
SN-D005,2025-10-21,54.4,8,54.2,12,48.9,4,13.6,66.0
SN-D005,2025-10-27,51.2,6,54.9,4,34.6,5,24.3,68.9
SN-D005,2025-11-01,50.8,0,55.4,3,37.9,0,21.9,71.6
SN-D005,2025-12-07,0,0,53.9,8,39.3,8,11.2,76.0
SN-D005,2026-01-29,45.1,3,58.3,5,33.4,7,20.7,63.9
SN-D006,2025-01-01,49.6,6,0,0,48.2,1,23.2,77.1
SN-D006,2025-01-29,43.6,1,47.8,12,42.2,5,11.8,77.6
SN-D006,2025-05-18,43.7,0,58.3,11,41.0,1,19.8,70.0
SN-D006,2025-06-03,0,0,58.1,9,46.0,8,23.0,77.2
SN-D006,2025-06-05,0,0,0,0,0,0,0,0
SN-D006,2025-06-17,53.3,3,55.7,4,30.9,5,22.9,69.3
SN-D006,2025-08-31,48.6,9,60.2,1,47.3,0,24.4,76.0
SN-D006,2025-08-31,36.2,8,64.4,4,30.9,2,10.8,74.5
SN-D006,2025-09-17,42.7,0,54.2,1,48.0,0,16.5,77.6
SN-D006,2025-09-18,47.0,4,55.2,4,36.0,8,11.2,66.7
SN-D006,2025-10-24,36.4,7,48.3,2,40.5,4,24.6,63.2
SN-D006,2025-11-27,0,0,0,0,0,0,0,0
SN-D006,2026-01-01,35.1,3,54.3,11,44.6,5,19.5,77.3
SN-D007,2025-02-10,40.4,6,47.2,8,35.7,2,21.5,60.9
SN-D007,2025-04-13,0,0,0,0,0,0,0,0
SN-D007,2025-04-28,50.1,8,50.3,4,43.6,7,24.6,70.3
SN-D007,2025-05-17,49.3,7,64.1,12,0,0,20.8,74.1
SN-D007,2025-05-23,53.7,4,52.5,7,46.6,1,19.4,64.1
SN-D007,2025-06-17,52.1,0,60.1,12,34.9,0,12.5,79.8
SN-D007,2025-07-30,46.7,3,46.9,11,46.1,6,24.9,61.7
SN-D007,2025-08-09,42.3,1,46.6,12,39.6,3,21.5,64.7
SN-D007,2025-09-03,38.3,0,60.8,9,39.2,8,19.9,72.0
SN-D007,2025-09-14,0,0,0,0,38.0,5,19.0,72.3
SN-D007,2025-10-08,51.9,9,60.0,8,48.6,4,17.7,77.6
SN-D007,2025-12-16,45.0,8,0,0,34.7,0,19.5,65.9
SN-D007,2026-01-16,49.7,7,47.9,3,49.7,0,21.3,63.6
SN-D007,2026-01-18,54.1,6,54.0,10,32.2,8,10.2,73.3
SN-D008,2025-01-20,43.9,0,54.5,10,31.5,7,10.6,74.2
SN-D008,2025-02-24,49.8,9,46.3,6,38.5,6,16.4,69.3
SN-D008,2025-04-20,51.7,3,50.8,9,46.7,1,12.1,65.0
SN-D008,2025-06-30,47.6,6,60.5,11,45.6,3,11.9,61.6
SN-D008,2025-07-21,0,0,0,0,0,0,0,0
SN-D008,2025-09-13,0,0,0,0,0,0,0,0
SN-D008,2025-11-13,38.5,9,51.9,12,46.3,4,20.8,71.3
SN-D008,2025-11-22,52.8,5,56.8,12,43.1,0,13.8,73.8
SN-D008,2025-12-20,43.3,6,52.8,2,42.7,7,17.0,71.1
SN-D008,2026-01-16,0,0,57.9,9,40.9,4,16.2,77.5
SN-D008,2026-01-23,49.5,1,62.7,3,43.3,7,10.1,76.3
SN-D009,2025-01-22,44.9,9,45.7,6,49.4,7,23.3,67.2
SN-D009,2025-02-08,41.0,6,0,0,49.1,4,19.5,72.7
SN-D009,2025-02-26,36.9,10,51.8,2,35.4,4,16.4,62.0
SN-D009,2025-02-27,40.2,6,48.2,1,42.3,3,17.7,61.0
SN-D009,2025-04-01,52.5,0,0,0,37.1,6,13.4,65.9
SN-D009,2025-04-03,54.3,0,60.6,7,48.5,8,17.8,64.8
SN-D009,2025-04-16,0,0,0,0,0,0,0,0
SN-D009,2025-04-18,47.0,3,63.8,6,0,0,17.7,70.0
SN-D009,2026-02-02,43.6,8,64.8,4,38.3,4,22.2,77.7
SN-D010,2025-05-05,40.4,6,54.0,7,42.3,7,10.9,78.7
SN-D010,2025-05-12,48.0,3,51.7,1,42.1,6,24.1,60.6
SN-D010,2025-06-22,51.5,4,48.5,11,34.5,6,15.8,70.9
SN-D010,2025-09-16,47.3,7,60.4,3,38.0,7,20.9,73.8
SN-D010,2025-09-24,0,0,0,0,0,0,0,0
SN-D010,2025-10-12,42.9,6,61.9,2,33.3,5,19.9,73.2
SN-D010,2025-10-18,44.5,9,58.0,12,33.5,0,10.9,75.1
SN-D010,2025-11-03,38.4,5,60.8,11,47.7,4,16.4,77.8
SN-D010,2025-11-30,35.2,4,58.0,7,43.6,3,17.7,62.2
SN-D010,2025-12-10,52.6,1,55.1,0,33.7,3,23.7,79.0
SN-D010,2025-12-24,38.1,1,61.3,6,44.5,2,19.9,74.4
SN-D010,2025-12-29,0,0,0,0,0,0,0,0
SN-D010,2026-01-01,48.3,4,47.6,1,41.8,1,11.7,65.6
SN-D011,2025-01-17,38.5,6,53.9,12,38.7,2,19.4,78.9
SN-D011,2025-02-24,52.9,7,63.4,6,35.4,3,19.0,68.6
SN-D011,2025-05-08,54.4,6,63.4,11,38.6,1,14.0,76.7
SN-D011,2025-06-18,45.0,4,46.7,11,42.6,6,24.9,79.0
SN-D011,2025-08-08,41.5,5,54.1,0,31.6,4,12.1,66.2
SN-D011,2025-08-26,41.5,0,52.0,1,49.1,7,13.1,77.5
SN-D011,2025-09-15,44.3,5,46.1,0,44.7,1,11.7,60.5
SN-D011,2025-12-16,44.5,6,0,0,41.0,8,0,0
SN-D011,2025-12-23,41.4,9,0,0,47.9,8,23.4,79.9
SN-D011,2026-01-04,50.3,6,59.6,10,0,0,20.1,67.2
SN-D012,2025-01-06,42.4,6,50.0,7,40.4,0,0,0
SN-D012,2025-06-07,47.7,7,53.9,8,30.1,3,11.7,67.6
SN-D012,2025-06-21,50.5,9,64.9,6,44.4,1,17.3,60.5
SN-D012,2025-06-30,35.3,5,52.5,4,38.9,0,14.3,75.5
SN-D012,2025-07-07,50.5,9,59.6,4,38.2,1,22.6,63.8
SN-D012,2025-07-14,41.8,7,45.5,2,35.6,0,23.6,65.0
SN-D012,2025-09-10,52.0,8,49.1,1,46.2,1,23.2,64.3
SN-D012,2025-12-09,0,0,0,0,0,0,0,0
SN-D012,2026-01-16,40.4,10,50.7,5,30.6,5,12.8,79.2
SN-D013,2025-01-26,37.6,10,60.3,0,33.5,3,0,0
SN-D013,2025-03-07,43.2,8,0,0,48.8,8,15.5,78.5
SN-D013,2025-04-30,0,0,61.1,3,42.1,7,12.7,60.8
SN-D013,2025-05-23,36.2,2,54.2,7,47.6,4,20.2,72.4
SN-D013,2025-07-21,0,0,47.3,11,48.0,2,10.6,78.6
SN-D013,2025-11-28,0,0,55.4,4,39.7,8,14.0,71.1
SN-D014,2025-03-12,53.1,6,0,0,33.1,7,22.6,71.2
SN-D014,2025-05-22,44.6,5,47.5,11,44.8,8,19.2,72.1
SN-D014,2025-06-17,46.5,3,61.5,5,37.4,2,18.1,62.8
SN-D014,2025-06-25,41.7,9,48.1,0,30.6,7,13.8,62.5
SN-D014,2025-07-21,40.2,6,49.4,10,37.2,6,22.5,67.3
SN-D014,2025-07-25,41.7,1,45.9,2,35.9,5,10.0,76.1
SN-D014,2025-09-06,36.2,5,56.6,3,43.2,5,21.4,73.6
SN-D014,2025-10-05,45.7,7,0,0,48.4,3,13.2,62.1
SN-D014,2025-11-15,40.1,3,53.2,1,0,0,12.4,72.3
SN-D014,2025-12-01,49.2,3,64.9,8,35.1,3,18.9,72.1
SN-D014,2025-12-07,50.4,8,50.3,4,41.8,5,24.8,69.0
SN-D014,2025-12-08,38.1,4,63.9,7,32.2,4,18.6,71.7
SN-D014,2026-01-04,52.0,8,61.0,3,47.4,3,11.3,76.9
SN-D014,2026-01-15,0,0,0,0,0,0,0,0
SN-D014,2026-01-29,54.6,10,57.7,6,0,0,22.7,75.7
SN-D015,2025-01-06,40.1,0,55.9,5,39.1,7,20.0,71.9
SN-D015,2025-01-11,46.3,1,0,0,0,0,24.7,77.9
SN-D015,2025-01-11,42.0,4,48.1,4,33.2,8,21.3,64.0
SN-D015,2025-01-11,40.6,0,55.7,7,49.7,7,12.6,63.4
SN-D015,2025-04-18,40.6,7,51.0,12,44.6,7,17.5,71.9
SN-D015,2025-05-06,50.2,2,47.9,9,32.8,6,13.2,69.0
SN-D015,2025-05-25,47.7,1,54.8,5,36.9,6,23.8,69.2
SN-D015,2025-07-27,44.4,1,0,0,36.3,7,10.9,77.1
SN-D015,2025-09-16,43.5,4,46.2,6,32.1,8,10.9,70.8
SN-D015,2025-10-27,50.9,6,54.0,9,45.1,8,15.0,64.0
SN-D015,2025-10-27,48.8,6,63.8,1,30.2,4,11.1,72.6
SN-D015,2025-11-12,38.8,3,60.9,7,45.9,0,10.1,60.2
SN-D015,2025-11-16,35.1,6,47.0,2,39.4,3,0,0
SN-D015,2025-11-29,40.6,9,52.6,10,37.6,1,15.7,61.3
SN-D015,2026-01-17,53.0,0,51.2,8,32.3,7,13.0,78.0
SN-D015,2026-02-01,45.6,6,64.2,3,0,0,18.4,65.5
SN-D015,2026-02-05,48.4,8,50.8,4,47.8,1,22.5,69.4
SN-D016,2025-02-10,51.6,2,45.5,6,31.7,4,19.3,69.8
SN-D016,2025-05-15,48.2,10,52.7,1,45.2,6,16.5,73.6
SN-D016,2025-05-29,38.0,3,57.1,6,35.5,8,17.3,61.8
SN-D016,2025-06-17,0,0,0,0,0,0,0,0
SN-D016,2025-08-04,36.0,3,61.2,6,44.3,3,24.1,63.5
SN-D016,2025-08-07,43.0,9,54.0,3,49.2,3,13.8,65.2
SN-D016,2025-11-03,52.3,9,50.6,11,33.5,4,22.2,72.6
SN-D016,2025-11-16,49.7,8,54.2,10,43.0,6,15.5,74.1
SN-D016,2025-12-01,41.4,5,46.5,10,45.5,6,11.0,67.6
SN-D016,2025-12-12,0,0,54.7,0,43.3,2,24.1,68.9
SN-D017,2025-01-27,44.0,0,54.3,4,30.7,7,19.6,69.5
SN-D017,2025-04-29,48.5,1,48.2,11,45.9,8,23.2,67.2
SN-D017,2025-08-08,0,0,64.5,10,44.8,6,10.8,61.2
SN-D017,2025-08-09,40.0,2,58.9,2,38.0,1,23.8,78.7
SN-D017,2025-09-07,45.7,2,51.0,12,48.1,0,23.5,66.0
SN-D017,2025-11-02,43.9,10,60.5,11,43.6,0,12.2,75.8
SN-D017,2025-12-19,50.7,2,47.5,0,0,0,10.2,73.1
SN-D018,2025-01-14,45.9,4,58.5,0,46.6,8,0,0
SN-D018,2025-02-15,41.1,0,55.1,0,32.5,4,15.7,73.3
SN-D018,2025-03-19,46.6,9,46.4,11,35.9,1,23.6,77.0
SN-D018,2025-05-26,43.8,5,55.9,12,39.7,7,21.8,70.0
SN-D018,2025-06-05,37.5,8,52.6,9,47.8,7,14.6,62.2
SN-D018,2025-07-22,47.7,0,62.7,8,44.3,2,19.2,73.7
SN-D018,2025-08-13,38.2,10,63.8,12,33.6,2,17.0,64.2
SN-D018,2025-09-15,52.5,4,55.6,7,30.8,4,10.2,75.9
SN-D018,2025-12-01,36.8,3,54.1,10,33.1,4,14.1,69.4
SN-D018,2025-12-16,45.0,0,0,0,39.9,2,20.3,67.1
SN-D018,2026-01-16,51.7,10,64.9,11,35.9,1,13.2,61.4
SN-D018,2026-02-05,41.0,9,52.6,11,38.4,0,20.4,71.8
SN-D019,2025-02-27,44.6,3,50.0,2,35.4,8,0,0
SN-D019,2025-03-06,52.3,9,59.4,12,39.5,4,20.4,67.4
SN-D019,2025-04-02,52.6,1,55.6,9,47.0,2,21.1,66.2
SN-D019,2025-06-25,39.8,10,0,0,36.4,7,15.9,64.1
SN-D019,2025-07-01,37.0,4,55.7,8,33.3,6,19.7,61.1
SN-D019,2025-09-23,44.4,8,61.7,0,38.7,0,23.4,72.8
SN-D019,2025-10-21,40.3,6,47.6,0,34.0,3,0,0
SN-D019,2025-10-30,50.3,1,50.3,0,35.2,6,0,0
SN-D019,2026-01-28,49.9,10,46.3,4,0,0,22.2,75.5
SN-D020,2025-02-07,0,0,0,0,0,0,0,0
SN-D020,2025-04-26,41.8,7,52.7,2,35.8,4,11.7,74.3
SN-D020,2025-04-29,54.4,10,61.6,0,0,0,18.6,78.5
SN-D020,2025-09-18,47.5,8,0,0,40.5,0,11.0,70.5
SN-D020,2025-09-29,40.1,5,48.8,10,0,0,13.1,62.1
SN-D020,2025-11-28,39.9,5,56.6,12,44.4,2,21.2,72.3
SN-D020,2026-01-01,44.1,2,60.9,11,42.6,5,22.1,62.6
SN-E001,2025-01-01,51.0,4,0,0,35.4,5,18.7,64.4
SN-E001,2025-01-25,48.5,9,61.8,8,40.5,2,20.7,74.9
SN-E001,2025-02-04,40.4,7,46.9,1,34.0,7,15.8,73.5
SN-E001,2025-04-01,37.7,8,57.8,12,40.7,6,12.1,79.3
SN-E001,2025-04-04,47.2,7,0,0,40.7,4,22.6,71.7
SN-E001,2025-04-05,50.6,1,0,0,0,0,13.6,71.7
SN-E001,2025-04-13,43.4,5,53.3,2,47.0,1,14.6,71.1
SN-E001,2025-05-06,38.9,8,46.3,8,32.8,1,11.3,65.0
SN-E001,2025-05-09,46.7,0,49.4,1,48.2,2,17.3,61.3
SN-E001,2025-07-12,37.6,0,48.1,3,32.4,8,10.6,76.1
SN-E001,2025-07-29,54.7,9,0,0,39.9,2,17.6,79.3
SN-E001,2025-09-08,53.4,10,45.3,11,47.5,4,18.1,79.0
SN-E001,2025-09-12,43.8,5,56.1,4,34.0,2,17.7,64.4
SN-E001,2025-09-29,37.2,5,55.9,1,0,0,18.9,72.6
SN-E001,2025-12-10,46.3,7,0,0,34.3,3,13.4,78.4
SN-E001,2026-01-27,46.9,8,53.3,6,44.4,7,11.9,76.3
SN-E002,2025-01-23,52.6,0,60.2,0,33.1,4,24.8,66.3
SN-E002,2025-02-10,45.7,3,64.6,9,30.6,7,16.8,78.4
SN-E002,2025-02-24,51.7,10,50.4,4,31.3,6,10.7,78.1
SN-E002,2025-04-02,0,0,53.2,5,38.7,1,13.4,77.7
SN-E002,2025-08-03,54.7,7,0,0,43.1,0,24.8,60.8
SN-E002,2025-09-04,36.2,3,55.6,5,37.4,2,17.4,78.2
SN-E002,2025-10-22,51.3,6,51.9,7,35.5,7,10.9,74.9
SN-E002,2025-12-01,41.8,9,48.5,2,42.5,5,15.7,60.9
SN-E002,2026-01-03,43.5,2,0,0,44.2,0,17.8,69.5
SN-E003,2025-02-09,43.7,8,0,0,36.3,5,20.4,67.4
SN-E003,2025-05-05,45.7,8,51.5,2,43.0,5,11.2,69.4
SN-E003,2025-05-23,47.7,1,53.7,10,36.4,8,12.0,77.4
SN-E003,2025-07-30,49.7,2,51.4,6,33.1,2,14.0,63.7
SN-E003,2025-09-15,43.6,6,49.8,8,30.4,2,19.8,69.5
SN-E003,2025-11-09,52.7,6,0,0,43.1,4,18.4,76.9
SN-E003,2026-01-05,50.2,8,61.3,8,0,0,13.3,71.2
SN-E003,2026-01-09,0,0,0,0,0,0,0,0
SN-E004,2025-02-15,46.6,2,54.4,8,39.9,7,10.3,69.6
SN-E004,2025-02-15,47.8,1,60.2,8,37.0,2,20.7,68.5
SN-E004,2025-05-10,0,0,0,0,0,0,0,0
SN-E004,2025-05-31,54.3,7,54.0,8,0,0,16.2,62.0
SN-E004,2025-07-16,0,0,63.7,3,41.3,2,10.4,76.8
SN-E004,2025-09-03,35.9,0,64.1,0,49.5,0,16.8,65.4
SN-E004,2025-09-13,0,0,52.7,10,37.1,4,0,0
SN-E004,2025-10-09,43.9,6,63.8,0,47.2,6,16.2,60.1
SN-E004,2025-10-22,42.5,1,47.1,9,38.8,8,11.9,64.3
SN-E004,2025-10-29,36.3,1,47.1,5,33.0,4,17.0,74.7
SN-E004,2025-11-11,42.5,6,48.8,4,40.8,3,15.4,75.0
SN-E005,2025-01-10,0,0,64.3,3,36.3,0,15.3,66.3
SN-E005,2025-02-25,43.9,7,61.2,5,45.5,0,24.7,63.0
SN-E005,2025-03-02,43.1,8,52.3,3,36.3,7,10.8,61.1
SN-E005,2025-03-07,36.9,0,50.1,2,43.7,4,18.1,79.6
SN-E005,2025-04-27,53.2,10,57.4,0,35.6,8,14.5,76.0
SN-E005,2025-06-18,39.9,7,57.6,2,48.1,4,13.3,79.1
SN-E005,2025-08-07,52.1,1,56.5,6,30.4,1,13.5,70.1
SN-E005,2025-08-19,48.8,7,59.8,9,30.2,6,12.8,68.4
SN-E005,2025-08-23,53.7,3,62.6,6,45.1,6,17.7,67.2
SN-E005,2025-09-02,44.2,5,0,0,35.9,3,0,0
SN-E005,2025-09-14,47.2,9,63.1,2,47.8,3,0,0
SN-E005,2026-01-02,52.9,1,56.1,8,40.5,0,14.8,61.8
SN-E005,2026-01-11,52.2,8,54.5,12,49.0,1,10.8,60.8
SN-E006,2025-03-21,46.9,0,62.8,8,45.7,7,16.6,73.8
SN-E006,2025-03-24,40.3,6,48.6,7,48.6,1,22.5,67.4
SN-E006,2025-03-30,37.4,9,59.1,9,32.5,1,23.2,61.8
SN-E006,2025-04-03,50.9,8,51.0,0,43.8,6,13.3,73.7
SN-E006,2025-05-08,37.8,4,64.3,9,38.9,8,23.1,67.5
SN-E006,2025-06-17,48.7,10,60.7,0,37.7,5,12.0,68.6
SN-E006,2025-06-30,40.8,10,51.5,11,31.8,7,15.5,65.3
SN-E006,2025-07-01,47.9,0,0,0,33.8,7,24.7,65.3
SN-E006,2025-09-15,40.8,3,46.8,12,0,0,12.6,73.5
SN-E006,2025-09-24,36.7,1,58.9,11,30.7,4,19.4,62.1
SN-E006,2025-10-07,49.9,9,0,0,48.2,1,10.7,72.1
SN-E006,2025-11-16,48.5,0,51.1,6,34.0,4,24.1,71.9
SN-E006,2025-11-18,35.5,2,47.6,10,38.6,5,12.5,67.3
SN-E006,2026-01-10,52.3,0,59.1,5,50.0,7,16.1,67.3
SN-E007,2025-02-03,47.4,5,48.2,2,36.0,8,24.9,65.1
SN-E007,2025-02-09,39.6,4,56.1,5,0,0,14.7,68.0
SN-E007,2025-02-24,41.4,3,51.9,0,40.1,7,13.8,71.7
SN-E007,2025-03-07,0,0,0,0,0,0,0,0
SN-E007,2025-08-24,35.1,5,56.0,9,34.6,6,0,0
SN-E007,2025-09-05,41.3,0,56.9,11,33.4,5,21.0,65.0
SN-E007,2025-10-05,52.3,7,58.0,1,48.9,8,0,0
SN-E007,2026-01-21,37.4,6,60.5,3,46.7,0,0,0
SN-E008,2025-03-09,47.8,6,57.6,10,44.4,7,23.6,70.3
SN-E008,2025-03-14,42.1,0,0,0,43.4,5,18.1,76.1
SN-E008,2025-07-07,36.8,3,50.6,11,33.9,0,20.3,68.7
SN-E008,2025-07-17,0,0,0,0,0,0,0,0
SN-E008,2025-10-10,39.0,10,59.4,6,42.8,7,17.8,67.0
SN-E008,2025-10-15,52.5,3,48.7,12,38.8,5,13.0,70.6
SN-E008,2025-10-26,0,0,53.3,6,43.1,6,23.4,65.2
SN-E008,2025-11-06,0,0,48.8,6,34.9,7,19.6,64.9
SN-E008,2025-11-06,51.5,2,48.0,9,48.8,2,20.6,63.2
SN-E008,2025-11-22,35.3,2,45.4,3,45.3,2,22.7,76.0
SN-E008,2026-02-01,49.0,7,49.2,4,43.8,7,13.9,73.8
SN-E009,2025-01-12,45.3,9,53.6,10,33.7,5,12.7,77.8
SN-E009,2025-02-26,48.8,1,58.6,8,45.7,1,20.6,66.1
SN-E009,2025-03-16,42.2,10,57.6,4,33.8,0,24.4,61.1
SN-E009,2025-03-22,35.6,9,51.4,10,41.9,6,16.9,68.1
SN-E009,2025-07-13,46.3,10,45.1,9,40.7,8,13.6,60.2
SN-E009,2025-08-30,45.2,2,0,0,36.3,7,13.1,62.9
SN-E009,2025-09-08,44.1,9,49.4,3,42.4,3,11.0,66.7
SN-E009,2025-10-30,45.4,5,47.4,1,34.0,6,11.8,63.5
SN-E009,2025-12-07,49.1,3,58.1,7,47.8,8,12.4,66.4
SN-E009,2026-01-22,36.6,5,47.6,2,43.8,6,12.3,61.3
SN-E009,2026-01-26,44.4,4,54.3,4,50.0,0,10.3,69.6
SN-E010,2025-02-11,50.5,3,0,0,46.4,8,13.3,68.2
SN-E010,2025-03-05,46.6,5,46.4,1,36.6,6,21.9,63.3
SN-E010,2025-04-16,37.1,2,55.5,9,38.5,4,22.1,66.1
SN-E010,2025-06-24,52.4,7,62.5,1,48.5,5,11.7,77.2
SN-E010,2025-07-17,38.7,4,54.7,0,33.8,7,20.2,70.2
SN-E011,2025-01-15,45.5,5,62.8,10,46.9,6,23.0,63.9
SN-E011,2025-03-05,44.9,1,49.7,4,43.8,6,23.5,72.5
SN-E011,2025-11-02,0,0,0,0,0,0,0,0
SN-E011,2025-11-10,46.4,4,54.2,9,41.8,4,10.1,66.2
SN-E011,2025-11-25,41.9,10,53.8,10,49.9,2,14.3,72.8
SN-E011,2025-12-13,39.0,8,54.1,11,37.1,1,17.5,66.4
SN-E011,2025-12-16,47.9,7,63.0,2,30.6,0,24.5,66.9
SN-E011,2025-12-26,37.3,9,48.0,7,49.0,0,10.0,62.5
SN-E011,2026-01-19,53.8,9,61.6,3,34.4,8,20.6,70.2
SN-E012,2025-01-18,45.3,10,58.8,4,49.6,5,23.0,76.2
SN-E012,2025-03-03,41.2,10,63.2,9,30.2,5,22.6,61.2
SN-E012,2025-04-23,48.3,4,0,0,46.0,2,17.2,68.3
SN-E012,2025-05-14,41.0,3,57.4,8,37.0,3,12.0,69.6
SN-E012,2025-08-17,40.8,6,0,0,34.0,6,17.5,71.6
SN-E012,2025-09-10,0,0,0,0,0,0,0,0
SN-E012,2025-10-18,42.1,2,0,0,39.3,5,22.9,71.0
SN-E012,2026-01-25,51.4,6,46.4,0,0,0,15.5,66.0
SN-E013,2025-02-23,46.1,0,46.0,5,46.8,8,18.9,75.8
SN-E013,2025-05-18,43.9,0,49.0,12,0,0,0,0
SN-E013,2025-07-16,36.2,6,60.2,1,32.3,5,18.1,73.0
SN-E013,2025-08-20,47.0,8,52.4,2,0,0,12.1,71.5
SN-E013,2025-09-19,52.2,6,48.5,10,42.2,4,12.2,66.8
SN-E013,2025-09-25,48.1,6,0,0,34.1,1,18.5,60.7
SN-E013,2025-10-07,49.1,2,49.4,7,33.1,6,10.6,65.7
SN-E013,2025-10-15,38.1,4,0,0,30.3,0,19.6,77.1
SN-E013,2025-10-24,41.2,2,54.7,11,41.8,6,10.1,63.7
SN-E013,2025-11-08,36.7,0,59.5,3,33.2,7,14.6,68.3
SN-E013,2025-11-19,54.1,2,63.5,10,36.1,6,24.2,78.4
SN-E013,2025-12-28,48.4,2,63.8,8,39.9,7,23.9,71.8
SN-E013,2026-01-18,40.1,3,61.3,12,37.6,7,14.2,79.3
SN-E013,2026-02-05,43.9,7,55.9,2,38.5,0,12.1,63.3
SN-E014,2025-03-14,44.8,6,48.6,9,34.5,5,0,0
SN-E014,2025-05-11,52.4,7,60.9,3,32.4,4,14.6,72.0
SN-E014,2025-05-16,35.9,7,0,0,31.4,2,21.3,64.5
SN-E014,2025-07-20,46.9,0,53.4,0,0,0,16.2,62.4
SN-E014,2025-09-01,54.3,9,48.0,9,37.4,4,19.0,70.6
SN-E014,2025-11-11,38.7,7,48.9,2,41.4,0,20.2,67.4
SN-E014,2025-11-19,0,0,52.0,10,35.0,4,13.0,66.1
SN-E014,2026-01-09,52.7,3,61.9,7,44.8,8,19.2,64.0
SN-E014,2026-01-15,39.5,7,47.3,0,36.5,7,18.9,65.0
SN-E015,2025-04-08,52.6,9,46.0,4,30.2,5,25.0,63.2
SN-E015,2025-07-19,48.4,2,45.4,2,40.3,5,10.6,71.0
SN-E015,2025-08-20,38.9,9,58.6,10,43.8,5,0,0
SN-E015,2025-09-28,48.5,2,51.6,3,34.4,8,14.3,63.3
SN-E015,2025-11-22,40.1,8,49.2,0,30.9,7,10.1,69.8
SN-E016,2025-02-13,38.6,8,48.1,1,35.7,5,12.5,73.5
SN-E016,2025-04-10,42.0,0,47.1,12,0,0,15.6,73.3
SN-E016,2025-07-18,35.9,9,59.1,11,34.4,1,10.2,61.9
SN-E016,2025-08-29,54.4,10,56.9,0,37.7,0,11.5,77.8
SN-E016,2025-10-29,40.8,8,56.9,10,36.2,6,13.6,75.3
SN-E016,2025-11-01,53.9,4,56.9,9,49.8,6,21.3,77.2
SN-E016,2025-11-03,38.0,3,63.8,3,42.0,6,19.0,68.3
SN-E016,2025-11-07,45.9,5,46.4,12,39.2,6,23.0,67.7
SN-E017,2025-04-21,0,0,57.0,11,45.6,8,13.4,70.8
SN-E017,2025-08-14,37.5,5,55.4,2,41.0,6,11.4,60.2
SN-E017,2025-09-28,43.6,2,53.2,7,46.9,8,21.7,67.3
SN-E017,2025-10-12,40.0,2,56.3,10,48.2,5,17.0,70.5
SN-E017,2025-11-22,40.7,2,45.3,10,35.4,7,10.8,71.0
SN-E017,2025-12-15,42.8,9,59.1,6,38.0,3,16.2,72.2
SN-E017,2026-01-21,48.6,3,54.4,7,33.0,8,12.5,66.7
SN-E018,2025-01-02,53.8,10,59.8,6,37.3,7,18.6,77.5
SN-E018,2025-01-28,50.6,1,45.2,12,49.3,5,24.7,79.0
SN-E018,2025-03-01,0,0,58.2,6,34.7,0,23.8,65.2
SN-E018,2025-03-01,48.9,0,53.7,6,0,0,21.5,74.9
SN-E018,2025-04-05,49.7,8,48.2,9,0,0,17.1,63.5
SN-E018,2025-05-02,52.3,3,46.2,7,34.2,8,0,0
SN-E018,2025-05-18,46.6,10,60.2,2,42.6,1,13.8,64.8
SN-E018,2025-09-19,37.7,10,57.9,8,49.3,8,22.3,68.7
SN-E018,2025-10-16,45.9,5,55.5,6,36.0,2,16.4,62.6
SN-E018,2025-10-23,50.8,9,53.8,4,42.0,7,13.5,76.8
SN-E018,2025-12-04,40.2,5,54.5,11,30.4,6,0,0
SN-E019,2025-02-05,53.7,7,59.9,7,48.0,2,11.5,65.5
SN-E019,2025-02-20,50.9,6,45.0,1,37.0,5,21.4,70.3
SN-E019,2025-06-08,0,0,0,0,0,0,0,0
SN-E019,2025-08-20,46.5,5,54.3,0,43.4,7,0,0
SN-E019,2025-10-25,53.1,3,49.9,3,34.3,0,16.6,69.3
SN-E019,2025-10-30,35.6,0,58.8,8,49.3,6,24.4,77.5
SN-E020,2025-02-08,0,0,49.9,8,45.1,5,23.6,60.4
SN-E020,2025-03-24,36.7,0,0,0,32.3,5,20.6,76.8
SN-E020,2025-05-05,37.1,9,45.7,7,45.7,5,16.5,63.5
SN-E020,2025-05-20,50.3,4,47.0,5,42.0,2,13.6,63.5
SN-E020,2025-07-02,36.8,4,52.2,10,35.0,4,22.0,69.4
SN-E020,2025-08-14,0,0,47.9,5,44.6,2,15.1,76.9
SN-E020,2025-09-03,43.0,0,56.3,5,33.3,3,16.9,80.0
SN-E020,2025-10-04,36.0,9,45.4,2,35.3,6,0,0
SN-E020,2025-10-24,46.5,1,52.7,10,47.0,2,14.6,74.7
SN-E020,2026-01-08,39.9,0,54.9,4,30.9,7,0,0
SN-F001,2025-01-10,52.9,0,47.4,2,49.0,8,0,0
SN-F001,2025-02-09,53.8,4,46.5,3,37.3,8,17.0,75.3
SN-F001,2025-04-09,0,0,53.4,10,39.1,2,23.8,64.6
SN-F001,2025-04-11,45.2,10,57.6,5,30.7,3,24.6,60.9
SN-F001,2025-06-14,43.0,6,54.0,3,39.8,8,17.9,79.5
SN-F001,2025-06-19,39.3,5,55.3,5,47.0,6,11.1,78.5
SN-F001,2025-07-01,40.0,3,58.9,2,37.3,8,10.2,68.7
SN-F001,2025-10-23,46.3,6,60.6,1,36.4,7,22.5,61.4
SN-F001,2026-01-08,41.8,5,48.6,0,35.1,0,20.3,69.5
SN-F001,2026-01-20,45.8,8,53.6,7,39.0,2,10.7,72.1
SN-F002,2025-01-09,37.2,5,60.6,11,30.3,2,17.5,69.8
SN-F002,2025-01-25,53.3,5,53.0,5,49.2,0,20.1,66.1
SN-F002,2025-02-17,47.7,0,51.2,9,36.8,6,21.1,74.9
SN-F002,2025-02-26,48.8,10,49.3,7,32.9,5,23.6,74.0
SN-F002,2025-05-06,40.5,3,63.0,4,42.7,8,14.4,73.8
SN-F002,2025-07-08,47.4,7,46.4,6,45.4,0,11.3,79.8
SN-F002,2025-07-20,51.3,10,45.1,4,42.7,8,14.3,75.5
SN-F002,2025-07-31,39.9,6,50.5,11,37.5,2,16.9,63.1
SN-F002,2025-08-10,50.3,4,61.7,8,30.8,7,18.4,70.9
SN-F002,2025-10-19,49.4,8,0,0,36.4,6,18.1,75.3
SN-F002,2025-11-10,0,0,0,0,0,0,0,0
SN-F002,2025-12-07,35.9,9,48.5,2,49.1,2,21.0,66.0
SN-F002,2026-01-07,46.1,0,61.7,0,44.0,7,0,0
SN-F002,2026-01-18,51.7,8,57.6,10,47.3,5,18.4,62.1
SN-F003,2025-01-12,0,0,55.5,4,44.0,5,16.0,66.1
SN-F003,2025-02-23,47.4,0,46.6,7,31.8,8,19.8,62.2
SN-F003,2025-04-23,45.8,0,48.5,9,0,0,17.7,73.5
SN-F003,2025-06-08,52.9,2,56.1,2,33.2,8,24.0,78.0
SN-F003,2025-07-23,38.8,4,49.7,10,49.2,0,17.4,73.2
SN-F003,2025-07-26,54.0,2,53.6,8,48.7,0,16.5,76.9
SN-F003,2025-07-28,0,0,54.7,0,38.8,1,14.0,78.9
SN-F003,2025-08-17,45.6,5,52.0,7,35.3,4,14.8,74.5
SN-F003,2025-10-08,49.7,3,51.6,3,46.6,1,11.6,69.8
SN-F003,2025-11-05,45.6,2,49.8,12,40.4,6,11.6,77.1
SN-F003,2026-01-27,50.8,4,51.1,8,35.7,8,10.8,79.4
SN-F004,2025-01-17,46.3,1,50.7,2,33.3,0,14.2,78.1
SN-F004,2025-02-01,52.0,7,53.8,3,47.9,6,12.5,70.2
SN-F004,2025-05-08,42.0,9,53.6,1,37.5,3,21.4,65.0
SN-F004,2025-05-10,0,0,45.3,0,46.4,1,14.1,63.3
SN-F004,2025-06-11,44.5,5,61.2,6,36.6,0,10.0,77.1
SN-F004,2025-06-16,35.2,8,61.9,10,36.5,1,21.5,68.0
SN-F004,2025-07-19,53.4,6,58.5,12,35.9,4,18.6,75.5
SN-F004,2025-08-26,0,0,51.3,6,44.1,4,17.8,69.6
SN-F004,2025-09-30,48.6,5,54.5,3,38.0,0,0,0
SN-F004,2025-10-12,54.6,3,48.9,8,36.4,6,17.6,66.7
SN-F004,2025-11-09,0,0,51.3,8,48.8,7,13.2,73.8
SN-F004,2025-11-27,0,0,64.4,0,36.1,1,18.7,75.5
SN-F004,2025-12-23,36.1,2,0,0,0,0,14.8,78.4
SN-F005,2025-01-12,48.4,8,56.1,11,46.2,2,13.7,72.4
SN-F005,2025-02-23,41.1,6,58.4,4,48.2,5,10.2,61.4
SN-F005,2025-05-07,35.2,8,0,0,30.4,1,23.0,63.0
SN-F005,2025-08-05,36.4,10,55.5,7,36.2,7,18.1,75.1
SN-F005,2025-09-03,46.5,4,58.7,1,41.1,5,17.8,71.4
SN-F005,2025-10-03,0,0,55.5,9,32.1,4,15.3,71.0
SN-F005,2025-10-05,48.8,9,0,0,42.1,1,17.8,71.3
SN-F006,2025-03-14,39.1,3,54.5,10,47.3,3,17.7,77.1
SN-F006,2025-04-01,44.0,6,59.7,9,34.8,8,17.3,75.4
SN-F006,2025-04-03,35.2,8,52.4,9,36.0,7,19.6,79.0
SN-F006,2025-06-18,45.4,1,60.9,3,34.4,6,0,0
SN-F006,2025-07-05,46.9,9,50.7,7,48.4,5,0,0
SN-F006,2025-07-19,52.9,8,49.6,4,0,0,24.8,68.1
SN-F006,2025-08-27,51.8,1,47.7,9,33.0,4,18.3,71.9
SN-F006,2025-09-11,46.9,0,64.9,5,42.6,1,19.6,70.0
SN-F006,2026-01-02,0,0,46.1,2,40.9,3,17.1,66.6
SN-F006,2026-01-28,43.6,5,54.3,11,43.3,6,14.3,76.8
SN-F007,2025-01-19,0,0,62.4,5,44.7,7,23.0,62.7
SN-F007,2025-01-31,39.1,10,56.7,8,45.4,4,20.2,60.1
SN-F007,2025-02-26,42.8,4,57.7,11,49.8,2,23.2,69.6
SN-F007,2025-06-13,44.6,3,61.6,6,0,0,0,0
SN-F007,2025-07-17,51.3,10,49.7,5,0,0,0,0
SN-F007,2025-07-28,37.3,6,56.9,4,46.7,5,21.4,62.0
SN-F007,2025-08-12,53.9,1,56.1,6,48.1,7,14.2,73.0
SN-F007,2025-10-01,0,0,51.1,1,41.3,7,10.4,79.7
SN-F007,2025-10-11,38.2,10,49.6,12,33.6,2,13.7,62.3
SN-F007,2025-11-27,51.0,1,56.2,4,47.5,8,24.1,60.6
SN-F007,2025-12-31,45.3,4,49.0,6,35.0,6,14.1,70.8
SN-F007,2026-01-22,45.6,1,54.0,10,36.1,5,10.7,61.5
SN-F007,2026-01-26,44.0,6,46.1,6,38.2,7,20.4,73.9
SN-F007,2026-02-05,0,0,55.7,9,41.8,5,18.5,78.9
SN-F008,2025-01-23,51.4,0,62.1,7,30.4,3,16.0,61.4
SN-F008,2025-02-05,0,0,0,0,0,0,0,0
SN-F008,2025-04-20,50.0,2,52.4,6,35.1,5,15.8,71.8
SN-F008,2025-06-14,53.1,8,61.5,0,46.2,3,24.4,72.1
SN-F008,2025-09-03,45.7,10,59.2,12,48.4,5,20.4,68.3
SN-F008,2025-10-10,0,0,65.0,10,41.8,5,13.1,68.1
SN-F008,2025-10-14,54.1,0,47.1,10,42.2,7,18.7,61.1
SN-F008,2025-10-21,43.0,4,50.2,12,39.0,5,24.5,68.3
SN-F008,2025-11-24,48.1,2,0,0,33.8,4,18.4,72.8
SN-F008,2025-11-24,42.0,0,51.1,5,47.2,0,14.2,77.6
SN-F008,2025-12-05,53.0,4,48.8,12,40.2,3,24.5,69.9
SN-F008,2026-01-10,43.6,9,60.7,11,39.9,2,0,0
SN-F008,2026-01-20,52.8,7,60.6,6,44.8,1,23.7,79.8
SN-F009,2025-01-10,35.1,5,59.8,12,44.2,5,15.3,72.7
SN-F009,2025-02-07,41.5,4,48.9,2,41.1,7,23.2,73.5
SN-F009,2025-03-26,42.7,5,55.7,0,33.5,1,18.7,72.5
SN-F009,2025-03-27,42.7,10,56.3,11,37.3,6,15.3,65.3
SN-F009,2025-04-23,35.4,9,62.7,6,49.2,3,20.0,73.6
SN-F009,2025-05-06,38.0,6,46.2,4,42.1,4,24.1,71.0
SN-F009,2025-05-27,51.0,0,46.6,8,49.5,3,14.8,78.2
SN-F009,2025-07-02,36.7,5,56.8,10,40.4,6,13.3,69.3
SN-F009,2025-08-04,40.5,9,59.3,9,39.5,6,14.1,61.3
SN-F009,2025-12-22,46.7,1,49.4,0,44.1,7,22.4,60.9
SN-F009,2026-02-03,40.1,2,55.1,11,49.1,4,11.6,68.3
SN-F010,2025-02-26,49.0,7,58.7,3,34.3,8,15.7,75.4
SN-F010,2025-02-26,38.0,0,58.6,8,35.9,0,0,0
SN-F010,2025-03-17,0,0,64.0,3,43.7,0,24.2,77.5
SN-F010,2025-04-16,42.4,10,62.1,8,41.8,3,15.2,63.8
SN-F010,2025-06-09,42.0,0,48.7,11,47.0,8,22.6,78.9
SN-F010,2025-06-29,45.8,7,57.1,0,36.3,4,20.6,68.2
SN-F010,2025-07-03,49.6,8,0,0,48.7,8,20.6,66.3
SN-F010,2025-07-16,39.3,1,56.9,11,37.2,4,11.7,78.0
SN-F010,2025-09-19,53.2,9,0,0,46.4,0,0,0
SN-F010,2025-10-27,36.8,5,50.9,4,37.0,7,17.0,69.7
SN-F011,2025-01-01,41.5,7,49.7,5,32.3,0,19.8,70.8
SN-F011,2025-01-30,52.3,10,54.3,0,32.3,3,17.3,63.7
SN-F011,2025-03-10,35.8,6,63.7,8,41.1,0,0,0
SN-F011,2025-05-19,43.7,8,46.3,4,38.3,0,16.8,71.5
SN-F011,2025-05-27,36.9,3,46.0,12,0,0,22.2,70.2
SN-F011,2025-06-07,48.3,4,51.9,5,31.6,3,13.7,61.9
SN-F011,2025-09-14,46.6,0,57.6,3,45.9,6,23.2,69.4
SN-F011,2025-10-19,0,0,0,0,0,0,0,0
SN-F011,2025-11-04,35.5,0,50.8,4,35.1,5,17.7,71.4
SN-F011,2025-11-05,52.9,6,54.2,6,0,0,21.1,64.1
SN-F011,2026-01-18,52.3,2,60.9,2,45.5,2,22.2,70.4
SN-F012,2025-01-03,51.0,3,52.0,5,36.4,6,20.4,64.9
SN-F012,2025-01-10,0,0,0,0,0,0,0,0
SN-F012,2025-01-27,51.2,0,45.2,3,39.1,6,23.4,77.7
SN-F012,2025-07-10,36.7,6,54.7,12,35.6,2,24.7,64.7
SN-F012,2025-07-26,0,0,59.5,11,37.7,7,20.0,79.1
SN-F012,2025-08-10,43.5,0,64.0,11,0,0,20.0,63.8
SN-F012,2025-08-14,53.6,5,48.4,3,47.3,2,16.8,77.6
SN-F012,2026-01-23,52.1,9,0,0,47.0,5,12.3,78.9
SN-F012,2026-01-29,53.7,6,62.3,9,40.6,3,14.7,60.8
SN-F013,2025-01-06,43.1,1,64.6,11,37.6,2,16.6,74.7
SN-F013,2025-01-20,52.4,2,48.7,10,42.8,1,0,0
SN-F013,2025-03-15,36.8,8,50.8,0,30.6,4,12.3,76.0
SN-F013,2025-05-11,0,0,56.7,0,32.8,2,20.5,62.6
SN-F013,2025-05-13,0,0,63.5,1,45.2,7,21.6,72.0
SN-F013,2025-06-16,50.3,1,63.0,6,31.3,8,20.9,65.6
SN-F013,2025-06-23,47.6,10,64.8,4,33.1,4,19.8,78.8
SN-F013,2025-08-29,38.9,5,56.1,12,44.5,1,12.5,72.1
SN-F013,2025-09-10,36.7,4,59.6,8,42.0,8,16.6,73.7
SN-F013,2025-09-22,48.2,9,57.6,4,36.4,4,0,0
SN-F013,2025-10-15,42.0,0,62.1,5,30.4,2,14.3,62.2
SN-F013,2026-02-05,0,0,0,0,0,0,0,0
SN-F014,2025-01-09,45.2,10,50.8,3,43.4,8,23.5,69.1
SN-F014,2025-02-07,38.8,4,60.5,2,35.2,2,24.8,77.0
SN-F014,2025-04-11,49.4,4,53.7,6,43.7,4,17.9,76.1
SN-F014,2025-04-18,35.9,5,55.2,5,43.2,4,12.6,74.1
SN-F014,2025-05-03,52.0,4,0,0,49.3,7,22.0,70.8
SN-F014,2025-08-08,49.0,3,49.0,9,43.7,5,14.5,71.7
SN-F014,2025-09-25,48.7,7,59.4,0,42.5,0,22.5,63.3
SN-F014,2025-10-22,39.9,1,60.3,7,45.6,3,12.9,66.3
SN-F014,2025-12-01,41.6,2,45.0,0,45.3,0,11.9,76.1
SN-F015,2025-01-08,37.2,1,60.2,8,48.1,4,15.8,79.3
SN-F015,2025-02-09,55.0,1,54.7,7,46.1,2,18.5,74.5
SN-F015,2025-02-13,35.0,7,58.7,4,43.3,6,0,0
SN-F015,2025-03-03,47.0,5,49.8,2,0,0,10.8,64.4
SN-F015,2025-03-15,43.0,7,61.7,3,40.6,4,10.4,72.3
SN-F015,2025-03-15,37.6,2,63.8,8,44.5,5,21.4,62.2
SN-F015,2025-04-29,43.9,3,56.2,2,48.4,0,18.8,66.5
SN-F015,2025-05-01,48.4,1,46.8,8,0,0,18.5,68.9
SN-F015,2025-06-08,43.2,5,0,0,37.4,0,22.8,60.5
SN-F015,2025-06-18,53.3,5,50.5,9,37.6,6,13.5,76.2
SN-F015,2025-09-03,36.5,3,56.3,5,30.1,4,16.9,61.4
SN-F016,2025-01-11,39.6,10,0,0,40.7,4,23.3,79.6
SN-F016,2025-02-12,49.6,8,62.5,3,47.2,4,18.5,73.3
SN-F016,2025-04-07,35.2,2,0,0,37.4,6,13.4,72.8
SN-F016,2025-05-03,47.6,1,47.5,3,45.9,2,24.4,64.9
SN-F016,2025-05-15,51.0,10,0,0,0,0,12.0,67.7
SN-F016,2025-05-15,37.7,1,48.2,0,40.5,5,20.7,75.3
SN-F016,2025-06-06,38.7,9,52.6,11,32.0,6,23.8,66.6
SN-F016,2025-06-12,35.3,10,55.3,8,38.9,4,13.5,65.3
SN-F016,2025-06-26,51.4,5,56.4,1,43.6,0,22.9,62.1
SN-F016,2025-08-14,38.8,5,57.4,9,47.7,7,21.2,76.5
SN-F016,2025-12-21,44.1,2,63.6,12,48.4,1,16.7,67.3
SN-F016,2025-12-23,0,0,63.1,2,49.5,2,14.9,78.6
SN-F016,2026-01-15,50.7,5,53.0,9,0,0,14.5,66.4
SN-F017,2025-01-25,0,0,46.2,4,46.9,8,23.5,77.1
SN-F017,2025-03-19,46.3,1,48.5,10,0,0,14.0,75.6
SN-F017,2025-09-10,37.9,0,55.4,1,36.4,7,14.0,74.3
SN-F017,2025-10-29,45.8,6,56.2,10,47.1,3,15.5,62.1
SN-F017,2025-10-29,54.7,1,56.7,11,44.0,2,19.5,70.1
SN-F017,2025-11-16,51.9,2,63.9,12,37.1,3,23.4,69.6
SN-F017,2026-02-04,0,0,0,0,0,0,0,0
SN-F018,2025-02-02,41.4,4,46.4,6,37.6,2,13.2,62.8
SN-F018,2025-02-08,54.0,6,51.7,3,32.0,3,21.1,69.1
SN-F018,2025-03-07,49.5,0,56.2,1,38.5,6,18.0,63.5
SN-F018,2025-04-10,52.7,6,62.3,7,46.4,5,10.1,68.9
SN-F018,2025-05-03,49.4,9,53.4,9,45.8,6,19.9,72.0
SN-F018,2025-08-18,52.4,9,47.3,7,40.4,6,14.1,63.9
SN-F018,2025-11-18,42.7,10,47.1,0,32.0,3,0,0
SN-F018,2025-12-09,47.7,5,57.4,10,47.1,4,20.3,74.9
SN-F018,2025-12-16,0,0,0,0,0,0,0,0
SN-F019,2025-02-07,39.6,2,45.1,2,32.1,6,24.7,78.9
SN-F019,2025-03-27,47.1,7,45.8,2,35.6,7,23.9,65.1
SN-F019,2025-05-06,52.2,10,45.0,4,0,0,14.9,61.8
SN-F019,2025-07-29,49.1,9,57.5,8,47.7,0,17.0,67.4
SN-F019,2025-07-30,38.1,8,49.7,0,0,0,17.3,68.6
SN-F019,2025-08-03,52.3,8,54.0,12,42.0,7,17.2,74.3
SN-F019,2025-08-24,44.2,2,50.9,11,45.1,6,16.5,74.7
SN-F019,2025-10-02,36.3,0,62.7,0,34.7,2,13.6,69.0
SN-F019,2025-10-31,42.9,8,53.1,5,38.4,8,0,0
SN-F019,2025-12-27,50.2,9,55.8,5,36.1,5,17.6,75.4
SN-F020,2025-01-03,52.8,1,58.9,11,40.8,2,23.5,69.1
SN-F020,2025-01-24,40.5,9,52.7,5,38.9,7,19.0,77.6
SN-F020,2025-01-30,45.7,5,53.1,10,36.3,2,0,0
SN-F020,2025-02-27,0,0,61.1,8,45.3,1,10.8,79.5
SN-F020,2025-03-08,37.1,7,54.3,5,38.8,0,18.1,66.2
SN-F020,2025-05-16,49.8,0,46.9,4,36.3,1,14.4,75.2
SN-F020,2025-10-21,44.0,3,52.4,9,49.6,7,21.5,70.5
SN-F020,2025-11-28,53.0,5,55.8,11,34.4,0,17.6,68.2
SN-F020,2025-12-03,41.1,6,60.9,1,40.1,0,10.4,68.3
SN-F020,2025-12-06,51.8,8,55.1,3,43.2,0,21.5,76.3
SN-F020,2025-12-15,48.7,6,45.6,4,36.1,4,19.0,66.1
SN-G001,2025-03-02,39.9,5,60.2,11,31.9,8,15.7,72.4
SN-G001,2025-03-02,44.9,6,63.8,3,31.2,4,12.9,77.1
SN-G001,2025-03-08,35.9,8,59.5,7,43.5,5,17.7,73.6
SN-G001,2025-03-25,36.6,3,53.2,12,49.1,5,21.7,75.7
SN-G001,2025-04-21,43.9,1,56.8,10,37.7,4,20.1,67.5
SN-G001,2025-06-04,43.1,7,53.6,6,48.1,0,23.6,75.3
SN-G001,2025-06-16,37.9,7,47.7,0,38.9,0,19.9,65.7
SN-G001,2025-06-23,48.5,8,51.7,8,42.7,3,20.7,79.1
SN-G001,2025-07-12,48.5,8,63.7,0,41.5,2,13.0,62.0
SN-G001,2025-09-27,0,0,0,0,0,0,0,0
SN-G001,2025-09-28,52.8,6,49.9,8,42.7,4,24.1,76.6
SN-G001,2026-01-17,42.3,6,55.2,4,33.7,2,15.3,66.3
SN-G001,2026-02-04,36.4,4,46.5,12,48.1,0,19.7,70.0
SN-G002,2025-02-13,51.8,5,63.6,3,41.8,8,24.4,76.3
SN-G002,2025-05-20,54.7,1,45.0,9,43.1,0,15.2,69.7
SN-G002,2025-06-07,42.2,6,52.6,1,39.8,2,18.8,65.8
SN-G002,2025-06-22,47.8,6,55.0,7,48.4,6,11.1,74.9
SN-G002,2025-08-01,37.7,2,45.5,6,41.4,7,11.3,67.6
SN-G002,2025-08-03,48.5,10,52.3,9,49.9,8,13.6,67.2
SN-G002,2025-08-15,45.4,5,56.7,4,48.5,0,18.2,62.0
SN-G002,2025-09-25,51.1,8,54.7,8,41.9,3,11.0,70.3
SN-G002,2025-11-02,0,0,45.5,10,40.5,5,20.1,77.5
SN-G002,2025-11-09,39.7,10,0,0,46.1,4,0,0
SN-G002,2025-11-15,52.5,7,45.8,5,46.7,8,14.6,64.6
SN-G003,2025-01-10,45.4,1,57.5,8,47.1,4,10.1,66.5
SN-G003,2025-01-18,51.6,3,0,0,40.0,3,24.0,72.8
SN-G003,2025-01-18,48.9,3,46.7,1,43.3,8,19.6,62.2
SN-G003,2025-01-23,52.0,4,55.5,5,37.6,3,13.4,69.0
SN-G003,2025-03-22,0,0,53.0,4,30.5,1,19.9,67.0
SN-G003,2025-04-25,44.3,4,61.6,1,39.7,0,13.4,68.5
SN-G003,2025-06-16,49.2,5,61.0,2,49.5,7,19.4,66.8
SN-G003,2025-07-22,46.0,5,64.0,4,44.9,8,22.1,65.8
SN-G003,2025-09-28,47.0,10,45.1,11,42.3,3,21.1,60.6
SN-G003,2025-09-30,45.5,9,49.8,5,38.0,6,20.5,67.3
SN-G003,2025-11-25,42.0,9,61.2,4,31.8,5,18.0,61.5
SN-G003,2025-12-07,40.8,1,62.7,5,31.4,5,21.6,69.6
SN-G003,2026-01-31,47.2,4,57.2,6,48.0,7,23.1,72.3
SN-G004,2025-04-11,0,0,0,0,0,0,0,0
SN-G004,2025-04-15,49.0,1,51.5,8,30.8,4,19.7,63.9
SN-G004,2025-11-17,51.2,1,60.9,11,37.6,0,0,0
SN-G004,2026-01-02,37.7,7,54.2,4,44.5,3,20.8,77.1
SN-G005,2025-01-02,39.9,8,51.7,12,30.5,1,21.1,70.3
SN-G005,2025-02-07,42.7,9,50.5,0,46.8,7,12.4,77.6
SN-G005,2025-03-04,43.0,3,62.6,8,32.5,2,16.8,74.6
SN-G005,2025-05-01,48.3,1,59.4,10,39.2,0,21.2,64.5
SN-G005,2025-06-25,40.8,6,48.8,1,31.4,2,25.0,76.3
SN-G005,2025-06-30,38.7,6,60.9,12,35.9,3,0,0
SN-G005,2025-07-03,52.1,2,61.2,9,46.2,5,23.4,60.9
SN-G005,2025-07-16,42.0,10,58.7,1,42.1,2,20.4,75.8
SN-G005,2025-08-05,39.4,6,64.8,7,49.9,4,14.0,66.8
SN-G005,2026-01-18,41.4,7,58.5,3,34.1,0,15.0,68.8
SN-G006,2025-03-19,0,0,55.2,9,48.5,3,23.3,66.7
SN-G006,2025-03-24,42.0,4,53.5,6,30.5,3,24.8,61.9
SN-G006,2025-08-17,35.9,6,48.4,7,33.0,8,0,0
SN-G006,2025-09-09,53.1,7,57.0,8,31.4,2,0,0
SN-G006,2025-09-12,50.2,0,62.2,12,0,0,12.1,73.8
SN-G006,2025-12-18,37.7,8,57.8,9,39.9,0,11.0,75.1
SN-G007,2025-01-04,45.1,4,45.3,5,40.9,7,18.8,78.9
SN-G007,2025-01-29,0,0,51.4,9,39.1,5,11.4,75.5
SN-G007,2025-03-10,38.5,5,51.1,6,36.3,8,17.9,67.9
SN-G007,2025-06-01,51.1,7,55.4,5,47.4,1,15.8,65.5
SN-G007,2025-07-04,0,0,47.0,0,0,0,19.8,69.1
SN-G007,2025-07-11,44.8,3,47.2,11,47.3,5,15.1,63.7
SN-G007,2025-08-11,55.0,4,55.7,6,33.2,6,13.1,66.6
SN-G007,2025-10-07,50.9,10,52.7,6,40.9,7,24.6,74.8
SN-G007,2025-12-03,35.7,10,54.2,0,36.9,0,18.9,75.1
SN-G007,2025-12-23,37.3,3,51.6,11,47.1,2,24.7,71.9
SN-G008,2025-02-15,49.5,9,50.8,12,41.4,0,22.3,63.4
SN-G008,2025-03-28,0,0,0,0,0,0,0,0
SN-G008,2025-03-29,37.6,2,56.6,6,0,0,0,0
SN-G008,2025-04-03,0,0,62.5,6,38.0,4,19.2,77.4
SN-G008,2025-04-21,54.4,4,58.4,8,0,0,24.6,67.0
SN-G008,2025-05-07,54.5,3,62.1,12,38.7,7,11.1,76.8
SN-G008,2025-05-08,37.5,2,53.0,2,45.3,2,18.0,78.3
SN-G008,2025-05-13,0,0,59.7,6,49.8,2,18.0,75.9
SN-G008,2025-07-09,45.4,5,64.2,7,43.2,1,14.9,74.7
SN-G008,2025-08-29,40.8,10,57.7,4,34.8,8,15.4,69.2
SN-G008,2025-08-30,0,0,58.5,6,36.7,7,17.6,67.0
SN-G008,2025-10-14,46.0,5,64.4,12,46.7,1,21.3,79.0
SN-G008,2025-11-09,44.5,10,63.3,3,47.4,5,21.6,76.0
SN-G008,2026-01-02,43.7,3,61.5,11,0,0,19.8,62.5
SN-G008,2026-01-30,36.3,10,57.2,9,35.2,7,21.5,77.6
SN-G009,2025-02-22,51.3,6,60.6,1,36.0,4,11.8,67.4
SN-G009,2025-04-06,41.6,4,62.0,9,35.1,7,18.4,68.6
SN-G009,2025-06-22,47.9,6,64.0,0,47.1,4,15.4,61.8
SN-G009,2025-08-10,0,0,0,0,0,0,0,0
SN-G009,2025-09-10,38.1,4,58.5,6,49.4,0,22.5,65.9
SN-G009,2025-10-09,52.9,3,54.1,9,33.6,3,14.1,68.6
SN-G009,2025-12-10,51.6,10,60.3,9,49.2,6,18.1,63.2
SN-G009,2025-12-21,37.4,2,63.2,8,35.7,3,10.8,70.8
SN-G010,2025-01-02,0,0,0,0,0,0,0,0
SN-G010,2025-03-22,36.3,10,55.8,6,40.8,1,18.2,78.1
SN-G010,2025-03-30,48.7,5,49.8,0,48.8,3,15.4,74.7
SN-G010,2025-04-13,54.8,9,61.6,11,40.1,5,23.3,66.0
SN-G010,2025-05-06,53.8,3,58.9,2,0,0,19.3,79.7
SN-G010,2025-05-15,52.2,4,57.2,7,32.1,1,0,0
SN-G010,2025-07-18,39.0,0,48.8,0,47.8,8,0,0
SN-G010,2025-07-23,38.3,9,49.5,12,34.7,7,11.5,79.1
SN-G010,2025-08-05,46.2,10,61.6,0,49.0,6,11.5,70.7
SN-G010,2025-08-16,49.2,5,56.5,7,32.5,6,20.0,60.1
SN-G010,2025-08-31,53.4,7,50.7,12,34.5,8,23.0,65.5
SN-G010,2025-09-30,37.2,10,63.4,9,44.7,0,15.6,64.4
SN-G010,2025-12-03,44.2,10,57.6,8,48.4,1,13.6,64.4
SN-G011,2025-05-17,47.9,6,53.6,9,50.0,0,14.8,74.0
SN-G011,2025-11-05,0,0,0,0,0,0,0,0
SN-G011,2025-12-14,54.7,8,50.4,10,37.0,4,0,0
SN-G011,2026-01-31,50.4,2,62.5,3,32.5,2,15.8,72.2
SN-G012,2025-05-08,44.3,6,54.4,9,44.0,0,22.0,78.5
SN-G012,2025-08-13,43.6,9,58.1,7,44.1,2,16.6,62.3
SN-G012,2025-08-27,44.1,10,50.0,4,41.7,2,15.8,68.5
SN-G012,2025-12-24,53.7,3,54.8,1,0,0,18.4,75.9
SN-G013,2025-01-29,38.2,5,45.6,9,34.8,4,21.5,65.1
SN-G013,2025-02-27,36.5,7,45.3,4,48.8,0,12.9,73.9
SN-G013,2025-04-10,53.6,5,48.5,5,39.9,0,13.8,74.3
SN-G013,2025-04-12,51.8,7,60.7,4,47.3,5,16.3,61.9
SN-G013,2025-04-19,46.3,5,59.8,10,30.7,4,11.2,63.5
SN-G013,2025-04-25,37.0,0,63.7,7,49.6,4,19.0,67.9
SN-G013,2025-06-24,41.8,9,45.6,11,39.7,6,17.9,66.2
SN-G013,2025-07-13,50.4,3,52.1,6,42.9,1,22.1,71.9
SN-G013,2025-09-21,40.2,1,62.9,0,33.7,6,20.0,61.4
SN-G013,2025-10-18,54.8,2,0,0,0,0,12.3,74.2
SN-G013,2025-11-21,0,0,0,0,0,0,0,0
SN-G013,2025-12-02,42.4,5,63.2,12,43.2,6,10.7,74.0
SN-G013,2026-02-02,49.9,8,49.6,3,38.7,7,16.7,62.4
SN-G014,2025-01-24,44.2,1,63.9,10,44.6,8,22.5,67.1
SN-G014,2025-05-22,51.8,2,0,0,40.8,7,20.6,66.4
SN-G014,2025-05-24,40.3,8,63.9,3,37.9,7,19.2,66.2
SN-G014,2025-05-27,53.6,2,58.5,10,49.9,2,21.0,79.5
SN-G014,2025-09-17,37.3,7,47.8,1,44.7,4,16.6,68.6
SN-G014,2026-01-30,44.5,8,60.1,1,48.6,4,14.5,79.7
SN-G015,2025-01-31,40.7,9,64.2,2,47.4,0,24.3,74.6
SN-G015,2025-03-24,0,0,51.7,9,46.3,6,19.3,78.7
SN-G015,2025-04-30,54.4,2,59.8,11,40.1,3,17.5,75.4
SN-G015,2025-05-21,48.6,10,0,0,43.6,6,21.5,68.3
SN-G015,2025-06-01,0,0,58.9,8,43.3,8,21.6,70.3
SN-G015,2025-08-26,47.2,6,48.0,0,40.7,1,24.3,79.8
SN-G015,2025-09-20,0,0,51.2,7,45.0,6,14.5,70.0
SN-G015,2025-09-21,0,0,0,0,0,0,0,0
SN-G015,2025-11-14,53.6,3,57.3,3,43.4,7,23.2,63.4
SN-G015,2025-12-02,38.0,10,57.8,11,49.4,8,24.8,72.7
SN-G015,2026-01-04,0,0,62.9,9,33.8,5,22.7,75.5
SN-G015,2026-01-26,37.7,4,59.3,10,49.6,6,19.6,79.2
SN-G016,2025-04-03,0,0,63.4,9,32.6,8,24.1,60.5
SN-G016,2025-04-19,0,0,0,0,0,0,0,0
SN-G016,2025-05-16,37.1,8,51.5,5,36.7,2,17.6,62.2
SN-G016,2025-06-01,35.2,4,55.4,8,39.6,0,16.5,67.0
SN-G016,2025-06-03,37.2,7,50.0,11,36.5,5,19.8,63.5
SN-G016,2025-06-20,54.6,2,55.0,0,31.3,6,21.0,64.3
SN-G016,2025-08-12,42.6,8,56.0,1,43.0,4,10.3,75.8
SN-G016,2025-08-19,52.8,0,51.0,5,30.9,5,15.2,76.1
SN-G016,2025-10-18,36.6,0,52.2,6,36.9,8,14.3,66.3
SN-G016,2025-11-06,38.9,8,63.3,7,46.5,0,10.3,75.3
SN-G016,2025-11-09,35.4,0,64.5,6,32.7,8,23.3,78.0
SN-G016,2025-12-03,44.6,0,59.5,0,44.9,3,14.3,77.6
SN-G017,2025-01-26,0,0,59.6,6,38.1,1,18.8,76.9
SN-G017,2025-02-20,0,0,0,0,0,0,0,0
SN-G017,2025-03-08,50.1,4,52.5,11,37.8,3,23.2,72.5
SN-G017,2025-04-27,51.0,2,49.4,1,31.6,7,23.0,69.5
SN-G017,2025-05-01,44.8,7,52.3,1,32.4,2,11.6,70.8
SN-G017,2025-06-17,52.2,9,54.9,9,37.1,2,19.4,63.0
SN-G017,2025-10-19,37.0,8,0,0,31.1,8,12.8,79.4
SN-G018,2025-05-18,37.1,3,57.1,2,43.7,0,0,0
SN-G018,2025-05-31,37.8,1,47.2,3,31.6,2,24.9,68.2
SN-G018,2025-07-04,46.6,7,57.5,10,47.2,3,12.5,66.7
SN-G018,2025-07-05,50.3,1,50.1,9,47.3,8,20.1,63.9
SN-G018,2025-07-21,50.3,4,46.8,0,30.2,3,15.0,62.6
SN-G018,2025-07-24,48.9,6,52.6,7,47.2,0,16.8,76.6
SN-G018,2025-07-27,44.7,5,45.2,12,37.3,2,0,0
SN-G018,2025-09-28,44.0,4,45.7,1,47.2,7,0,0
SN-G018,2025-10-18,43.7,9,54.7,1,0,0,15.3,68.0
SN-G018,2025-11-05,47.9,5,59.6,5,0,0,22.6,68.6
SN-G018,2025-11-18,42.8,10,45.2,5,49.8,7,14.7,74.3
SN-G018,2025-12-04,53.4,5,61.9,10,49.3,5,22.6,65.5
SN-G018,2026-01-28,43.7,7,64.5,2,49.6,3,15.7,68.4
SN-G018,2026-01-30,48.0,1,0,0,35.9,1,14.8,69.8
SN-G019,2025-01-04,0,0,56.6,6,33.5,8,0,0
SN-G019,2025-02-05,36.2,4,64.4,0,33.7,3,22.6,67.1
SN-G019,2025-02-12,43.3,4,56.3,6,43.9,4,0,0
SN-G019,2025-08-12,53.7,4,52.3,10,0,0,22.0,78.7
SN-G019,2025-09-19,47.6,10,60.7,6,35.8,6,24.9,74.5
SN-G019,2025-10-27,0,0,57.5,10,42.0,2,14.0,78.7
SN-G020,2025-01-19,46.1,7,52.1,5,35.2,3,10.8,73.4
SN-G020,2025-02-06,53.0,4,58.8,10,46.1,6,18.2,73.2
SN-G020,2025-04-21,46.2,10,57.9,9,45.9,4,20.9,70.6
SN-G020,2025-05-06,0,0,0,0,0,0,0,0
SN-G020,2025-10-21,0,0,46.0,4,38.3,5,11.3,60.5
SN-G020,2025-11-04,48.4,10,48.8,0,40.9,8,10.0,62.5
SN-G020,2025-12-12,41.6,1,59.7,4,0,0,23.6,79.0
SN-G020,2026-01-11,51.0,0,56.6,1,36.8,7,22.0,74.1
SN-H001,2025-01-21,44.8,0,56.8,12,39.3,7,15.7,74.3
SN-H001,2025-06-13,35.9,3,52.7,5,34.3,5,14.3,61.2
SN-H001,2025-08-14,35.5,5,61.2,3,37.8,4,23.0,73.5
SN-H001,2025-08-30,40.6,1,48.0,0,0,0,0,0
SN-H001,2025-10-09,0,0,0,0,0,0,0,0
SN-H001,2025-11-13,44.4,5,60.5,11,49.8,7,20.0,70.5
SN-H001,2025-12-21,53.1,2,59.4,10,41.6,5,16.2,63.1
SN-H001,2026-01-26,46.1,2,49.4,7,43.0,3,12.9,70.4
SN-H002,2025-01-11,41.7,8,64.9,6,0,0,19.8,64.8
SN-H002,2025-03-13,50.6,1,63.7,2,49.3,1,15.8,75.8
SN-H002,2025-05-11,48.9,3,0,0,37.6,4,13.3,70.7
SN-H002,2025-07-24,38.7,6,56.2,7,41.6,4,0,0
SN-H002,2025-09-01,39.0,1,63.6,0,39.9,1,0,0
SN-H002,2025-10-09,36.2,6,59.5,3,47.7,1,13.5,63.5
SN-H002,2025-11-05,44.3,7,55.8,11,31.3,8,20.1,68.4
SN-H002,2025-12-06,0,0,0,0,0,0,24.0,78.1
SN-H002,2025-12-08,0,0,0,0,0,0,0,0
SN-H003,2025-02-24,49.6,7,58.8,7,36.8,3,14.8,80.0
SN-H003,2025-02-27,50.3,4,64.0,8,35.0,1,11.9,62.9
SN-H003,2025-03-14,44.4,7,47.4,3,37.8,1,13.8,64.3
SN-H003,2025-03-27,41.5,8,52.7,10,0,0,22.1,75.2
SN-H003,2025-04-13,41.7,2,0,0,31.2,5,16.6,61.3
SN-H003,2025-06-10,46.8,0,59.9,0,33.4,8,24.5,78.7
SN-H003,2025-09-28,35.9,8,60.6,7,32.5,8,22.5,76.6
SN-H003,2025-11-13,42.5,6,50.1,1,44.5,5,20.9,76.8
SN-H004,2025-01-22,51.9,7,57.3,10,40.3,8,24.5,63.9
SN-H004,2025-01-29,0,0,0,0,0,0,0,0
SN-H004,2025-02-04,40.3,4,46.0,7,38.6,6,23.5,78.7
SN-H004,2025-02-26,49.1,4,47.7,4,43.3,3,0,0
SN-H004,2025-04-10,46.9,5,50.4,3,38.0,4,11.3,71.5
SN-H004,2025-06-04,54.8,9,63.4,11,0,0,15.8,72.8
SN-H004,2025-11-23,52.1,3,48.5,11,45.9,8,16.7,65.2
SN-H004,2025-12-12,36.3,5,64.2,11,39.6,8,16.7,75.2
SN-H005,2025-06-08,0,0,56.1,7,39.7,2,0,0
SN-H005,2025-07-14,53.8,8,63.4,11,42.7,1,24.2,69.3
SN-H005,2026-01-03,44.6,1,58.6,2,44.2,4,10.7,67.6
SN-H005,2026-01-28,41.8,6,52.5,3,42.5,7,22.2,62.5
SN-H006,2025-03-06,41.4,4,55.0,3,39.5,4,16.1,68.9
SN-H006,2025-05-01,39.0,8,52.9,1,41.7,4,20.5,65.4
SN-H006,2025-05-19,44.8,9,52.2,1,41.0,3,21.1,75.3
SN-H006,2025-06-02,51.1,6,58.5,3,44.2,8,22.1,66.8
SN-H006,2025-06-21,50.9,8,60.3,11,33.4,6,24.1,67.8
SN-H006,2025-07-29,53.7,3,58.7,1,45.8,1,23.8,64.3
SN-H006,2025-08-15,37.0,2,45.9,11,45.9,7,23.5,73.3
SN-H006,2025-08-21,40.2,8,47.5,8,30.4,4,16.5,78.8
SN-H006,2025-10-18,46.5,4,55.3,7,41.1,4,18.1,77.7
SN-H007,2025-01-03,37.2,4,55.0,11,0,0,16.9,62.4
SN-H007,2025-03-10,40.0,10,0,0,41.7,2,23.1,73.0
SN-H007,2025-04-13,52.2,4,47.4,7,44.3,1,10.7,74.6
SN-H007,2025-05-05,35.7,3,64.9,0,38.6,0,12.5,73.3
SN-H007,2025-06-04,42.6,0,52.5,10,42.3,2,22.4,61.1
SN-H007,2025-06-22,46.7,9,64.0,10,35.2,6,23.8,77.2
SN-H007,2025-07-21,51.1,5,63.2,8,0,0,20.9,63.1
SN-H007,2025-07-27,50.8,0,46.6,2,33.1,0,0,0
SN-H007,2025-08-27,45.0,9,53.1,9,48.0,3,17.3,69.8
SN-H007,2025-09-07,39.8,9,49.6,9,49.4,5,20.1,63.5
SN-H007,2025-10-09,36.9,5,61.5,12,46.5,8,23.7,75.5
SN-H007,2025-10-26,47.2,6,46.3,4,0,0,14.1,69.7
SN-H007,2025-11-20,49.4,6,62.9,11,37.1,1,25.0,63.3
SN-H007,2026-01-31,44.4,10,56.5,0,36.1,0,17.8,67.2
SN-H008,2025-03-25,35.8,8,48.5,3,30.5,2,18.1,64.5
SN-H008,2025-05-08,45.5,7,50.5,12,41.3,7,16.6,62.3
SN-H008,2025-06-10,45.0,4,57.7,0,0,0,15.9,76.4
SN-H008,2025-08-21,40.1,1,49.0,0,40.8,4,14.4,75.1
SN-H008,2025-09-22,0,0,0,0,0,0,0,0
SN-H008,2025-11-23,39.5,2,51.3,11,36.3,6,20.1,72.4
SN-H008,2025-12-17,40.8,4,48.2,1,42.1,5,15.9,70.6
SN-H008,2026-01-16,38.6,6,52.4,9,33.7,7,17.6,67.0
SN-H009,2025-04-22,0,0,0,0,0,0,0,0
SN-H009,2025-09-03,0,0,56.0,8,46.2,1,0,0
SN-H009,2025-09-09,0,0,0,0,0,0,0,0
SN-H009,2026-01-03,0,0,0,0,0,0,0,0
SN-H009,2026-01-16,43.5,3,49.3,2,49.2,3,13.5,60.8
SN-H009,2026-01-31,43.6,3,59.6,1,46.1,7,24.5,77.4
SN-H010,2025-01-14,0,0,0,0,0,0,0,0
SN-H010,2025-03-12,38.0,5,63.3,11,44.3,5,11.7,77.8
SN-H010,2025-03-17,43.8,1,48.9,10,42.5,0,23.8,68.8
SN-H010,2025-03-21,49.6,5,59.8,7,31.0,3,19.1,64.5
SN-H010,2025-05-27,52.7,4,53.1,4,38.0,0,24.3,69.9
SN-H010,2025-06-01,40.4,9,48.7,8,39.8,7,10.9,76.8
SN-H010,2025-06-19,46.0,3,58.1,0,34.5,1,15.5,70.9
SN-H010,2025-12-14,44.3,2,52.0,12,36.9,3,13.6,73.1
SN-H010,2026-02-04,0,0,56.6,0,42.3,7,11.5,66.2
SN-H011,2025-01-21,37.3,1,53.4,2,0,0,25.0,72.8
SN-H011,2025-02-05,48.4,4,51.7,11,37.8,1,18.0,76.4
SN-H011,2025-06-05,53.6,10,56.8,4,43.5,7,23.0,61.5
SN-H011,2025-06-23,35.7,6,53.4,0,45.4,7,16.5,72.8
SN-H011,2025-11-14,43.0,1,46.6,8,44.1,5,18.3,77.8
SN-H011,2025-11-18,50.0,10,48.7,5,45.4,4,22.6,71.3
SN-H011,2025-12-29,43.8,10,45.4,8,46.3,1,10.9,75.5
SN-H012,2025-01-03,45.5,3,51.6,5,30.7,5,16.1,72.9
SN-H012,2025-01-24,43.0,0,48.7,9,46.2,8,14.2,65.4
SN-H012,2025-02-06,40.9,9,53.6,8,31.7,8,17.6,64.0
SN-H012,2025-02-10,40.6,1,54.2,0,46.1,0,20.0,68.0
SN-H012,2025-05-20,50.8,9,52.3,8,46.3,4,13.9,64.9
SN-H012,2025-07-17,38.4,6,57.3,9,33.0,3,22.5,69.6
SN-H012,2025-07-20,47.5,1,54.6,12,31.7,3,22.5,70.7
SN-H012,2025-08-30,35.2,5,47.2,5,38.9,4,24.0,63.6
SN-H012,2025-10-11,51.8,4,52.7,1,30.8,8,14.2,64.8
SN-H012,2025-11-12,41.2,2,47.1,1,46.6,3,23.6,72.9
SN-H012,2025-11-27,47.6,5,48.4,5,42.4,7,0,0
SN-H012,2025-11-27,45.1,0,63.0,1,40.4,4,21.1,66.7
SN-H012,2025-12-06,0,0,63.1,0,30.7,6,10.0,79.6
SN-H012,2025-12-09,43.8,10,61.9,4,49.7,8,11.0,61.6
SN-H012,2025-12-15,36.8,10,61.7,11,33.2,8,10.3,75.5
SN-H012,2026-01-07,49.7,10,0,0,0,0,12.6,62.3
SN-H012,2026-02-04,50.9,5,50.4,10,41.3,8,10.8,67.5
SN-H013,2025-01-22,37.8,3,58.1,3,32.3,1,22.1,73.7
SN-H013,2025-03-21,48.8,0,48.9,7,44.2,3,12.6,63.9
SN-H013,2025-04-26,44.8,1,64.3,0,34.3,4,24.8,71.8
SN-H013,2025-05-18,41.8,4,53.3,6,33.2,6,13.0,63.6
SN-H013,2025-06-03,37.4,5,48.4,10,49.2,3,16.7,79.5
SN-H013,2025-09-09,41.6,7,56.2,0,40.3,6,24.2,62.9
SN-H013,2025-10-13,45.5,9,56.6,9,41.1,4,23.7,70.8
SN-H013,2025-12-20,51.8,0,63.8,2,32.0,5,20.5,79.9
SN-H013,2026-01-27,35.3,10,62.7,2,35.4,1,23.4,69.6
SN-H014,2025-01-23,50.8,4,56.1,7,34.3,3,14.8,78.4
SN-H014,2025-05-12,44.9,8,50.9,0,44.3,3,12.2,78.5
SN-H014,2025-06-01,53.3,8,60.8,4,35.1,8,20.4,67.4
SN-H014,2025-07-01,40.0,8,57.4,10,41.8,8,15.4,70.1
SN-H014,2025-07-07,40.6,2,49.2,9,39.2,4,19.9,79.9
SN-H014,2025-10-03,48.6,9,61.7,10,41.4,8,12.4,66.9
SN-H014,2025-10-03,47.5,10,62.6,9,36.9,4,18.1,66.6
SN-H014,2025-11-29,0,0,0,0,0,0,0,0
SN-H014,2025-12-03,51.8,4,61.9,10,40.7,8,14.9,78.1
SN-H014,2025-12-17,47.1,8,62.3,10,42.7,6,13.1,62.8
SN-H014,2025-12-21,50.7,3,61.7,5,44.8,2,18.3,61.4
SN-H014,2025-12-23,40.4,6,50.7,9,0,0,16.8,63.4
SN-H014,2025-12-26,50.8,5,46.0,3,0,0,21.8,73.0
SN-H014,2025-12-29,43.1,4,46.7,0,49.2,1,23.8,62.7
SN-H015,2025-03-18,0,0,0,0,0,0,0,0
SN-H015,2025-03-20,0,0,0,0,0,0,0,0
SN-H015,2025-07-28,40.1,3,60.3,8,34.7,3,24.1,69.7
SN-H015,2025-08-06,0,0,0,0,0,0,0,0
SN-H015,2025-08-16,54.7,10,52.5,3,37.0,3,0,0
SN-H015,2025-08-28,35.2,9,60.7,2,42.7,6,13.2,72.5
SN-H015,2025-09-03,50.8,5,55.1,2,32.1,8,19.1,79.7
SN-H015,2025-09-22,38.0,8,54.7,9,42.2,0,13.4,72.1
SN-H015,2025-10-04,51.9,1,63.5,0,34.3,7,18.6,64.4
SN-H015,2025-10-14,44.3,4,45.8,8,38.7,8,20.0,67.4
SN-H016,2025-01-08,45.0,8,57.5,7,46.0,1,15.9,69.3
SN-H016,2025-02-01,39.7,10,49.6,11,42.6,0,22.8,79.3
SN-H016,2025-05-05,53.4,8,60.0,7,40.9,8,14.4,67.7
SN-H016,2025-06-05,38.8,9,54.6,5,39.3,5,15.7,62.0
SN-H016,2025-07-18,0,0,0,0,0,0,0,0
SN-H016,2025-08-04,40.3,6,51.3,1,31.9,7,13.1,63.6
SN-H016,2025-08-14,47.1,10,60.9,11,32.6,4,20.0,70.5
SN-H016,2025-08-18,38.6,2,54.1,0,37.3,0,22.5,78.7
SN-H016,2025-10-22,52.1,5,54.4,5,39.2,6,10.7,77.7
SN-H016,2025-11-08,54.5,4,46.1,8,31.7,2,22.0,61.2
SN-H016,2025-11-12,41.7,10,55.6,7,43.2,2,24.0,73.4
SN-H016,2025-12-04,0,0,58.8,4,37.1,1,23.1,66.8
SN-H016,2025-12-26,36.7,6,59.8,4,36.6,8,16.8,76.5
SN-H017,2025-02-27,46.6,0,52.8,11,45.9,5,15.9,78.6
SN-H017,2025-04-23,0,0,55.1,3,34.8,1,10.2,62.6
SN-H017,2025-05-09,53.1,0,64.8,10,46.9,1,12.8,61.3
SN-H017,2025-05-19,40.0,9,51.6,12,30.6,7,24.1,77.4
SN-H017,2025-05-20,50.2,0,0,0,48.8,3,18.6,61.0
SN-H017,2025-06-05,43.2,6,48.6,7,31.3,3,21.4,69.1
SN-H017,2025-08-03,39.3,0,62.6,11,0,0,10.8,77.3
SN-H017,2025-09-22,0,0,0,0,0,0,0,0
SN-H017,2025-10-19,35.4,7,63.5,3,44.9,8,18.5,68.8
SN-H017,2025-10-21,39.8,6,63.4,2,35.1,8,23.3,68.5
SN-H017,2025-10-30,0,0,49.4,12,39.8,0,18.2,60.0
SN-H017,2025-10-30,46.8,4,57.1,3,39.4,6,22.4,79.2
SN-H017,2025-12-08,39.6,3,49.4,12,35.3,4,0,0
SN-H017,2026-01-15,54.5,9,54.3,5,0,0,15.0,62.9
SN-H018,2025-01-04,48.3,8,63.0,6,35.8,5,20.3,64.9
SN-H018,2025-01-05,43.8,7,56.6,2,38.9,7,22.3,74.0
SN-H018,2025-05-14,39.3,2,50.4,4,36.5,7,0,0
SN-H018,2025-10-10,44.1,0,48.9,11,47.3,6,19.7,74.9
SN-H018,2025-10-12,46.5,3,62.3,4,44.1,0,0,0
SN-H018,2025-10-19,47.1,1,0,0,33.5,4,14.2,77.9
SN-H018,2026-01-28,51.4,7,55.9,9,36.1,2,16.8,65.7
SN-H019,2025-02-03,45.8,2,46.4,8,49.1,7,0,0
SN-H019,2025-02-18,41.0,5,61.8,0,49.5,5,10.9,64.3
SN-H019,2025-04-14,42.2,5,0,0,39.4,2,10.6,68.2
SN-H019,2025-06-08,39.4,0,52.8,2,43.4,0,17.3,76.1
SN-H019,2025-06-12,36.3,8,50.5,1,34.0,4,22.3,76.5
SN-H019,2025-06-27,0,0,63.2,5,0,0,21.4,72.9
SN-H019,2025-08-10,40.4,0,55.6,5,42.3,8,0,0
SN-H019,2025-11-23,40.1,4,57.8,1,32.3,6,23.8,61.3
SN-H019,2025-12-03,46.5,3,52.0,4,38.0,6,14.4,64.3
SN-H019,2025-12-18,48.4,3,57.7,9,46.6,6,0,0
SN-H020,2025-03-20,45.4,8,49.7,7,40.4,8,0,0
SN-H020,2025-06-15,50.5,5,45.4,10,39.9,7,23.6,79.2
SN-H020,2025-06-21,54.5,10,51.9,2,40.9,5,17.1,78.5
SN-H020,2025-06-29,37.1,1,50.9,9,48.9,5,22.6,77.2
SN-H020,2025-11-01,0,0,48.1,5,49.5,5,15.0,79.6
SN-H020,2025-11-30,50.2,0,0,0,43.9,5,20.5,63.1
SN-H020,2025-12-03,36.0,4,47.5,11,36.0,2,17.8,79.9
SN-I001,2025-06-13,35.3,1,55.5,12,47.0,4,22.8,61.8
SN-I001,2025-07-19,35.5,1,46.2,6,30.1,8,23.1,64.7
SN-I001,2025-08-28,49.1,3,50.7,8,39.0,5,16.6,62.0
SN-I001,2025-09-03,39.1,8,46.9,0,40.0,1,12.7,65.8
SN-I001,2025-10-03,49.7,4,58.3,3,44.2,3,17.6,64.0
SN-I001,2025-10-10,38.3,5,0,0,0,0,12.4,70.3
SN-I001,2025-11-26,37.7,0,64.5,12,38.6,8,10.9,69.4
SN-I001,2026-01-20,0,0,0,0,0,0,0,0
SN-I001,2026-01-28,40.6,0,54.0,1,49.0,3,19.9,61.5
SN-I001,2026-02-01,40.6,7,54.4,7,39.8,0,0,0
SN-I001,2026-02-05,41.2,9,51.3,12,45.8,3,19.4,77.3
SN-I002,2025-01-26,44.8,6,57.0,4,33.8,3,24.9,67.9
SN-I002,2025-02-14,0,0,0,0,0,0,0,0
SN-I002,2025-05-18,43.7,8,47.5,7,30.9,8,15.7,69.6
SN-I002,2025-06-08,48.1,5,47.0,9,38.8,7,14.4,79.6
SN-I002,2025-06-29,0,0,54.7,3,0,0,17.7,67.1
SN-I002,2025-10-29,0,0,45.3,7,37.4,4,14.8,69.2
SN-I002,2025-10-29,49.3,9,55.2,1,30.8,8,10.7,74.0
SN-I002,2025-12-15,50.6,0,52.1,6,37.8,5,0,0
SN-I002,2026-01-19,50.2,9,58.4,2,0,0,22.9,64.6
SN-I002,2026-01-26,38.6,5,62.6,9,47.0,1,15.4,71.2
SN-I003,2025-02-27,47.4,2,61.1,5,33.7,5,15.1,76.3
SN-I003,2025-03-27,49.3,1,60.3,1,45.7,5,24.0,76.0
SN-I003,2025-04-12,40.5,3,49.9,8,39.1,8,15.1,66.7
SN-I003,2025-07-23,47.1,7,62.1,9,41.1,0,21.8,66.4
SN-I003,2025-08-18,54.6,5,61.7,2,43.5,0,15.1,75.8
SN-I003,2025-10-24,0,0,0,0,0,0,0,0
SN-I003,2025-12-12,44.9,0,47.1,6,41.0,4,13.5,61.4
SN-I003,2026-01-28,35.7,7,54.7,1,34.3,7,19.8,78.9
SN-I004,2025-03-13,52.4,7,61.2,12,36.6,5,20.2,79.6
SN-I004,2025-05-24,48.6,6,62.8,9,49.3,1,19.5,79.5
SN-I004,2025-09-20,48.8,0,56.0,11,32.0,4,17.0,77.1
SN-I004,2025-12-02,39.8,8,46.9,7,35.0,2,19.1,68.1
SN-I004,2026-01-08,45.4,6,60.0,4,34.1,7,16.4,71.1
SN-I005,2025-01-26,50.7,4,54.7,4,37.4,6,0,0
SN-I005,2025-04-21,52.2,8,62.9,5,41.2,7,17.7,76.9
SN-I005,2025-07-18,49.8,8,60.7,3,37.6,2,10.6,63.4
SN-I005,2025-07-21,41.8,10,50.0,8,0,0,17.2,67.5
SN-I005,2025-10-01,39.3,1,54.2,1,37.8,3,24.9,71.3
SN-I005,2025-10-18,53.0,7,45.1,6,48.4,0,15.8,66.3
SN-I005,2025-12-06,41.0,5,48.1,9,43.0,2,22.3,76.1
SN-I005,2025-12-31,49.0,7,53.6,11,44.1,5,17.5,72.6
SN-I005,2026-01-23,50.0,1,55.6,9,37.1,1,0,0
SN-I006,2025-02-03,45.8,1,47.6,9,47.7,3,24.5,76.3
SN-I006,2025-03-11,53.0,9,54.6,0,37.7,5,14.8,77.4
SN-I006,2025-03-14,39.4,6,49.6,7,49.3,5,11.9,68.5
SN-I006,2025-04-14,43.9,7,0,0,37.9,6,18.8,65.3
SN-I006,2025-05-02,36.3,7,47.2,6,32.5,3,19.4,71.7
SN-I006,2025-05-09,47.1,5,52.1,1,45.0,0,23.2,75.9
SN-I006,2025-06-04,50.8,10,50.4,3,40.4,2,16.2,64.1
SN-I006,2025-06-22,44.5,0,0,0,30.8,0,23.1,62.0
SN-I006,2025-07-26,46.9,3,53.9,0,44.4,6,20.9,71.5
SN-I006,2025-08-13,47.4,8,50.7,9,42.6,7,15.0,76.2
SN-I006,2025-09-15,48.7,3,54.8,8,33.3,0,14.0,77.5
SN-I006,2025-11-04,47.2,10,59.9,1,49.6,5,13.1,61.0
SN-I006,2025-11-19,55.0,5,61.6,1,0,0,16.2,76.5
SN-I006,2025-12-29,42.5,5,55.0,8,31.7,8,16.3,68.7
SN-I006,2026-01-02,46.7,2,53.8,11,47.1,7,10.9,78.1
SN-I007,2025-01-09,37.7,1,48.5,6,36.0,6,16.8,73.3
SN-I007,2025-02-13,45.7,7,54.0,4,39.1,5,0,0
SN-I007,2025-04-15,39.0,3,0,0,30.3,7,16.0,67.0
SN-I007,2025-08-15,51.4,9,51.0,5,33.6,2,14.4,77.3
SN-I007,2025-08-25,35.1,10,56.7,6,44.7,1,13.1,67.5
SN-I007,2025-09-05,38.9,3,62.3,8,39.2,1,14.4,79.3
SN-I007,2025-11-16,37.3,6,0,0,48.7,5,12.4,78.9
SN-I007,2025-12-20,0,0,51.2,7,33.8,4,24.8,78.6
SN-I007,2025-12-22,50.5,8,46.3,10,48.6,6,24.7,62.4
SN-I008,2025-01-03,50.6,5,55.4,7,38.3,6,18.1,63.5
SN-I008,2025-02-28,45.9,1,64.2,4,45.1,6,0,0
SN-I008,2025-03-03,51.7,3,49.1,0,33.2,3,20.8,77.1
SN-I008,2025-03-04,51.0,8,51.0,3,37.0,3,19.9,70.0
SN-I008,2025-05-22,38.6,3,51.1,3,49.5,0,22.2,74.2
SN-I008,2025-09-29,51.1,2,0,0,49.5,8,11.6,61.4
SN-I008,2025-11-05,42.6,3,57.9,1,40.2,8,18.6,67.2
SN-I009,2025-01-17,35.8,9,45.3,8,34.6,8,24.8,64.1
SN-I009,2025-01-30,42.4,10,64.8,5,34.8,2,16.0,79.4
SN-I009,2025-06-09,46.6,4,63.9,5,45.3,3,11.9,65.3
SN-I009,2025-06-16,47.5,8,62.5,2,40.7,1,20.5,75.1
SN-I009,2025-09-29,0,0,52.4,9,37.7,8,15.5,60.1
SN-I009,2025-10-04,53.1,6,59.0,8,34.8,3,12.6,71.6
SN-I009,2025-10-10,39.8,0,47.2,5,44.9,6,21.0,60.0
SN-I010,2025-03-24,0,0,0,0,0,0,0,0
SN-I010,2025-03-26,44.2,2,47.2,8,48.0,6,19.6,76.0
SN-I010,2025-04-15,0,0,46.0,11,42.7,8,23.5,75.8
SN-I010,2025-05-17,35.2,1,62.3,4,34.1,6,15.3,78.4
SN-I010,2025-05-18,43.8,5,50.7,5,46.8,2,10.2,65.3
SN-I010,2025-05-21,35.7,6,62.0,2,42.5,5,25.0,69.0
SN-I010,2025-05-29,52.2,8,51.0,11,41.3,3,15.0,61.6
SN-I010,2025-06-17,0,0,62.3,1,0,0,21.0,66.2
SN-I010,2025-07-15,49.9,9,49.8,4,0,0,0,0
SN-I010,2025-09-04,48.4,9,52.4,4,36.6,3,19.6,69.1
SN-I010,2025-09-10,45.4,10,0,0,30.4,1,22.2,77.7
SN-I010,2025-09-19,0,0,0,0,0,0,0,0
SN-I010,2025-12-05,41.4,7,57.2,11,0,0,15.3,64.5
SN-I011,2025-01-24,42.1,6,57.4,4,48.3,3,17.7,79.6
SN-I011,2025-01-30,46.4,1,64.8,7,47.7,1,15.1,70.1
SN-I011,2025-02-07,50.2,9,46.6,3,42.2,1,15.3,76.1
SN-I011,2025-06-10,39.2,6,56.3,3,45.1,0,14.9,64.1
SN-I011,2025-07-09,49.9,6,59.5,8,30.8,4,11.2,77.6
SN-I011,2025-07-19,49.9,0,47.0,9,37.6,0,10.3,60.9
SN-I011,2025-09-05,46.1,3,53.8,0,38.4,1,14.9,67.5
SN-I011,2025-10-23,38.0,4,63.7,2,40.9,6,24.4,73.2
SN-I011,2025-11-11,54.1,8,64.4,5,40.4,6,15.6,65.3
SN-I011,2025-12-21,0,0,52.8,10,34.9,0,21.4,76.2
SN-I012,2025-01-14,37.6,4,48.3,8,34.5,1,0,0
SN-I012,2025-02-18,0,0,0,0,0,0,0,0
SN-I012,2025-03-26,39.2,3,47.7,7,39.7,3,10.9,60.9
SN-I012,2025-04-20,36.0,4,53.4,11,48.1,3,14.4,77.8
SN-I012,2025-05-15,40.7,5,61.9,9,41.5,4,0,0
SN-I012,2025-08-30,0,0,0,0,0,0,0,0
SN-I012,2025-09-07,49.4,0,58.8,10,41.2,0,19.1,61.1
SN-I012,2025-10-13,41.7,10,0,0,0,0,10.7,76.9
SN-I012,2025-11-01,45.8,4,0,0,44.1,7,16.8,67.4
SN-I012,2025-11-11,51.6,1,0,0,0,0,21.1,67.8
SN-I012,2025-11-15,51.4,4,49.5,8,48.6,2,20.9,78.0
SN-I013,2025-02-24,49.7,0,58.2,3,42.3,2,25.0,64.7
SN-I013,2025-03-16,41.7,5,63.4,11,0,0,23.9,62.9
SN-I013,2025-04-17,46.6,4,46.8,9,30.3,8,0,0
SN-I013,2025-04-30,37.6,5,59.8,6,47.7,0,15.3,70.5
SN-I013,2025-05-15,46.8,6,59.3,2,39.7,3,22.1,60.4
SN-I013,2025-05-20,41.5,5,60.5,2,31.8,7,17.3,64.8
SN-I013,2025-06-01,39.9,8,46.0,0,35.5,8,0,0
SN-I013,2025-06-03,36.7,1,57.4,11,37.9,8,19.7,74.4
SN-I013,2025-06-06,40.4,8,56.4,2,49.7,2,13.3,64.9
SN-I013,2025-06-21,54.6,6,59.6,5,43.1,5,14.3,75.4
SN-I013,2025-07-22,41.7,2,61.5,2,46.1,6,10.2,69.6
SN-I013,2025-07-27,46.7,2,64.4,7,41.7,0,24.4,65.2
SN-I013,2025-08-15,47.1,7,46.6,0,48.4,2,14.1,77.3
SN-I013,2025-09-13,48.8,4,50.9,11,35.6,8,10.4,60.9
SN-I013,2025-10-06,37.2,1,47.6,9,34.5,3,21.2,73.3
SN-I013,2025-12-19,44.6,2,53.6,8,37.2,7,0,0
SN-I013,2026-01-31,53.7,3,48.3,0,33.1,7,13.5,62.5
SN-I014,2025-03-03,39.0,8,0,0,30.9,4,19.1,79.5
SN-I014,2025-03-24,51.5,6,55.1,4,40.5,0,11.9,67.4
SN-I014,2025-05-10,38.1,4,48.6,11,37.3,8,20.8,67.9
SN-I014,2025-05-26,46.9,4,45.8,11,37.8,5,20.7,60.2
SN-I014,2025-05-30,43.6,1,54.2,5,48.1,4,13.8,73.4
SN-I014,2025-07-14,36.7,0,0,0,31.9,6,23.5,77.2
SN-I014,2025-10-01,52.9,1,46.7,2,0,0,17.5,66.5
SN-I014,2025-10-07,53.8,10,0,0,45.0,1,14.6,71.2
SN-I014,2026-01-27,40.6,0,46.1,10,32.8,7,16.3,66.1
SN-I015,2025-03-10,0,0,56.4,6,37.6,0,19.8,65.8
SN-I015,2025-03-26,0,0,0,0,0,0,0,0
SN-I015,2025-04-07,53.2,6,53.1,7,35.1,4,14.5,76.7
SN-I015,2025-05-18,46.3,10,47.2,12,49.2,5,14.5,72.2
SN-I015,2025-05-27,0,0,64.8,11,32.3,7,19.8,67.5
SN-I015,2025-09-03,54.9,5,64.4,5,32.2,4,25.0,79.2
SN-I015,2025-09-10,44.9,10,62.5,0,40.7,8,13.5,79.6
SN-I015,2025-12-06,35.2,9,59.3,1,39.3,4,20.7,65.0
SN-I015,2025-12-15,44.0,0,52.9,7,41.0,1,22.4,60.1
SN-I015,2026-01-11,44.5,4,58.9,4,33.5,0,20.6,65.2
SN-I015,2026-01-19,51.6,0,47.6,10,32.8,0,17.6,77.3
SN-I016,2025-03-08,38.0,0,57.7,8,45.2,0,20.2,70.0
SN-I016,2025-03-29,0,0,0,0,0,0,0,0
SN-I016,2025-07-22,49.5,2,45.2,12,0,0,20.7,77.1
SN-I016,2025-09-04,45.0,10,51.3,7,37.3,5,12.8,67.5
SN-I016,2025-09-07,48.1,4,46.1,12,49.6,5,19.1,74.5
SN-I016,2025-12-08,0,0,0,0,0,0,0,0
SN-I016,2026-01-13,39.1,2,50.0,7,45.4,7,23.8,70.3
SN-I017,2025-01-30,44.1,4,0,0,31.8,2,20.0,65.7
SN-I017,2025-03-14,54.5,1,46.8,4,0,0,10.8,71.2
SN-I017,2025-03-18,0,0,60.6,12,32.5,2,0,0
SN-I017,2025-04-11,37.9,7,51.9,2,38.1,5,12.3,61.7
SN-I017,2025-05-21,36.8,6,59.0,3,0,0,0,0
SN-I017,2025-06-24,38.0,9,45.6,1,41.3,0,17.5,72.7
SN-I017,2025-08-02,50.2,2,63.5,2,49.8,8,21.2,70.0
SN-I017,2025-08-17,45.9,7,57.9,2,42.6,2,18.1,62.3
SN-I017,2025-09-13,50.5,2,52.6,0,44.0,2,15.3,65.7
SN-I017,2025-10-29,36.0,4,63.6,10,36.8,7,11.1,71.3
SN-I017,2026-02-01,35.2,4,61.3,9,30.2,8,0,0
SN-I018,2025-02-13,52.6,5,0,0,45.7,3,18.2,60.2
SN-I018,2025-02-21,38.1,6,45.5,8,47.6,0,15.4,71.3
SN-I018,2025-06-02,46.1,2,63.6,4,46.8,2,12.4,79.3
SN-I018,2025-06-27,49.2,0,52.4,7,42.7,2,20.0,68.8
SN-I018,2025-07-04,39.2,0,61.9,8,41.8,4,11.6,78.8
SN-I018,2025-08-19,0,0,0,0,0,0,0,0
SN-I018,2025-10-04,52.1,3,45.1,6,35.9,4,23.8,71.8
SN-I018,2025-10-25,53.9,3,45.0,10,33.1,1,19.2,72.2
SN-I018,2025-10-29,36.1,1,60.5,7,0,0,19.6,75.9
SN-I019,2025-01-09,46.6,3,48.0,2,46.4,4,10.7,62.3
SN-I019,2025-01-28,48.8,7,54.3,6,30.1,2,0,0
SN-I019,2025-02-21,46.9,9,48.5,10,35.7,5,16.6,63.5
SN-I019,2025-02-23,47.7,4,54.9,9,37.7,0,14.1,66.5
SN-I019,2025-03-07,37.2,6,48.1,4,49.6,2,0,0
SN-I019,2025-05-08,0,0,0,0,39.1,8,13.6,71.9
SN-I019,2025-06-18,40.5,9,46.0,9,40.3,1,24.8,74.9
SN-I019,2025-07-16,41.5,0,57.1,0,49.3,6,14.0,67.9
SN-I019,2025-08-23,53.1,3,0,0,43.3,1,21.9,65.0
SN-I019,2026-01-14,39.4,3,0,0,33.8,6,11.1,64.6
SN-I020,2025-02-10,53.2,2,49.8,2,30.8,0,12.2,60.8
SN-I020,2025-04-20,44.3,0,47.8,10,35.8,8,19.5,75.5
SN-I020,2025-09-21,39.4,0,46.6,1,0,0,24.9,67.3
SN-I020,2025-10-01,35.2,0,59.0,12,41.2,1,14.7,65.9
SN-I020,2025-10-11,46.9,3,46.0,11,42.1,3,13.8,66.2
SN-I020,2025-10-17,53.1,6,52.0,11,33.7,2,14.8,74.8
SN-J001,2025-05-02,49.5,0,62.4,8,49.7,7,22.3,68.1
SN-J001,2025-06-10,48.8,7,59.2,3,0,0,13.5,63.6
SN-J001,2025-07-18,48.2,10,50.8,4,47.6,7,20.9,70.2
SN-J001,2025-09-24,37.0,8,47.2,3,42.8,3,21.8,77.1
SN-J001,2025-11-03,35.3,2,53.9,8,37.5,0,23.2,74.4
SN-J001,2025-11-14,35.2,8,63.4,6,31.4,3,21.2,76.4
SN-J001,2025-12-29,44.0,2,63.4,11,33.4,2,13.7,72.2
SN-J002,2025-01-02,42.0,2,50.8,1,47.2,8,14.9,63.0
SN-J002,2025-01-21,41.1,8,0,0,39.8,0,20.9,70.3
SN-J002,2025-02-14,52.2,10,62.0,9,40.7,4,13.7,79.5
SN-J002,2025-03-06,50.5,8,54.5,6,43.4,8,12.5,74.9
SN-J002,2025-04-16,41.5,7,47.6,5,45.1,3,13.7,63.9
SN-J002,2025-06-11,37.6,6,56.1,10,45.8,0,15.5,75.8
SN-J002,2025-09-06,37.6,9,61.4,4,47.1,8,18.9,65.0
SN-J002,2025-10-15,35.4,5,49.9,11,41.3,2,18.9,79.0
SN-J002,2025-10-20,0,0,0,0,0,0,0,0
SN-J002,2025-11-14,0,0,0,0,0,0,0,0
SN-J002,2026-01-10,46.9,4,53.7,9,47.3,3,0,0
SN-J003,2025-03-15,46.7,8,46.9,8,36.6,7,24.5,78.0
SN-J003,2025-04-20,0,0,0,0,0,0,0,0
SN-J003,2025-06-08,45.8,3,48.2,11,0,0,21.1,67.9
SN-J003,2025-07-11,39.7,2,50.8,3,41.3,1,10.1,64.6
SN-J003,2025-08-06,36.0,1,51.8,5,0,0,16.8,70.7
SN-J003,2025-10-20,0,0,60.1,12,48.8,8,0,0
SN-J004,2025-02-09,50.1,10,0,0,46.9,3,23.1,75.9
SN-J004,2025-03-02,0,0,49.1,0,34.6,6,11.6,69.2
SN-J004,2025-03-20,41.3,4,58.5,5,31.7,2,16.0,69.7
SN-J004,2025-04-11,53.4,8,64.8,2,41.5,7,18.6,68.9
SN-J004,2025-06-03,36.7,2,46.3,4,30.9,4,20.4,66.5
SN-J004,2025-06-04,45.2,7,60.3,11,48.9,6,18.0,79.9
SN-J004,2025-09-25,42.0,9,46.7,1,44.5,8,10.4,75.0
SN-J004,2025-11-20,46.5,9,46.2,5,31.6,7,15.6,61.1
SN-J004,2025-12-21,55.0,10,54.6,0,42.2,7,22.2,67.0
SN-J005,2025-01-11,35.2,7,53.3,0,32.1,5,10.8,67.9
SN-J005,2025-02-10,0,0,57.1,0,32.5,3,0,0
SN-J005,2025-03-05,40.0,3,45.1,6,48.4,7,23.4,64.5
SN-J005,2025-05-31,38.2,2,56.3,12,37.8,2,21.0,78.2
SN-J005,2025-09-13,44.9,2,51.4,1,0,0,24.0,67.3
SN-J005,2025-10-20,40.5,2,61.4,12,45.2,3,10.9,77.3
SN-J005,2025-12-23,50.6,4,56.1,3,41.3,2,12.5,70.2
SN-J006,2025-01-13,49.4,2,45.1,1,43.2,1,15.4,67.7
SN-J006,2025-01-25,52.0,4,59.6,12,32.0,3,13.4,79.6
SN-J006,2025-02-22,35.7,7,62.0,4,0,0,11.4,70.5
SN-J006,2025-02-27,36.9,10,56.1,12,32.7,0,18.7,80.0
SN-J006,2025-05-04,47.6,7,54.1,2,31.0,0,15.0,61.4
SN-J006,2025-07-25,43.6,9,63.5,1,48.4,8,22.0,78.6
SN-J006,2025-08-24,41.3,5,57.2,6,39.9,0,13.2,69.2
SN-J006,2025-10-28,40.7,4,52.3,2,32.6,8,24.7,79.4
SN-J007,2025-02-06,0,0,61.0,3,34.9,1,24.7,70.8
SN-J007,2025-05-12,49.0,2,56.0,11,35.4,1,17.2,63.4
SN-J007,2025-06-19,42.7,2,49.3,8,34.6,0,10.3,66.6
SN-J007,2025-12-29,43.9,6,57.9,11,35.6,6,22.4,69.9
SN-J007,2026-01-07,0,0,0,0,0,0,0,0
SN-J007,2026-01-07,35.8,0,53.7,12,41.5,1,15.1,75.8
SN-J007,2026-01-28,43.3,3,52.9,2,37.6,0,10.2,66.1
SN-J008,2025-02-15,36.0,7,64.1,2,35.6,1,24.7,60.1
SN-J008,2025-03-15,50.5,1,56.0,8,36.0,5,14.0,74.3
SN-J008,2025-04-09,36.2,2,57.4,6,37.1,2,22.1,66.8
SN-J008,2025-06-13,43.3,7,60.8,3,41.6,7,21.0,62.0
SN-J008,2025-06-19,54.8,3,45.8,6,35.4,8,24.8,60.1
SN-J008,2025-06-20,54.9,4,61.9,7,45.1,6,12.3,79.9
SN-J008,2025-10-06,44.5,5,58.7,2,46.8,6,14.7,74.9
SN-J008,2025-11-14,53.4,7,53.7,4,31.7,4,23.9,67.6
SN-J008,2025-11-22,54.7,7,0,0,45.2,0,12.4,73.1
SN-J008,2026-01-19,49.5,9,50.7,9,0,0,0,0
SN-J008,2026-01-19,0,0,56.0,12,41.8,3,17.9,70.7
SN-J008,2026-01-21,53.4,0,47.0,4,35.0,5,15.8,78.9
SN-J009,2025-02-11,42.1,10,56.7,0,45.5,2,18.1,68.7
SN-J009,2025-03-09,39.8,0,62.8,3,32.0,8,17.4,79.0
SN-J009,2025-03-13,43.1,3,61.0,4,35.7,5,13.3,63.8
SN-J009,2025-03-27,40.0,1,57.1,12,35.0,7,14.1,67.4
SN-J009,2025-04-04,53.0,6,59.4,1,38.8,4,11.4,66.1
SN-J009,2025-04-23,38.2,5,56.3,2,32.5,8,16.2,71.8
SN-J009,2025-05-05,46.3,10,63.8,7,38.7,8,16.7,77.1
SN-J009,2025-08-28,41.6,4,60.0,0,33.8,1,13.2,64.5
SN-J009,2025-08-29,51.0,2,52.0,11,30.5,3,23.6,66.9
SN-J009,2025-12-07,36.9,6,51.2,12,0,0,23.7,63.3
SN-J009,2026-01-16,42.0,2,58.0,4,41.1,0,17.4,61.2
SN-J010,2025-01-04,41.0,0,53.2,12,44.4,2,23.6,69.3
SN-J010,2025-05-18,0,0,0,0,0,0,0,0
SN-J010,2025-07-27,54.7,10,48.7,10,41.9,4,18.5,67.2
SN-J010,2025-10-02,49.8,3,58.5,9,30.7,6,23.9,78.2
SN-J010,2025-10-11,54.6,5,46.6,4,48.9,4,13.5,73.2
SN-J010,2025-12-06,44.9,2,60.8,10,31.7,6,20.5,75.0
SN-J011,2025-01-02,0,0,53.0,4,35.7,0,20.7,64.5
SN-J011,2025-01-23,43.4,6,54.0,0,35.2,7,10.9,71.7
SN-J011,2025-02-05,49.7,2,62.0,12,46.9,7,23.8,78.1
SN-J011,2025-02-22,42.2,1,46.1,10,44.6,1,0,0
SN-J011,2025-03-02,43.7,10,45.4,1,36.5,3,10.6,61.9
SN-J011,2025-03-14,39.0,1,48.4,1,33.2,2,18.0,62.1
SN-J011,2025-04-28,43.9,3,47.2,8,41.4,0,15.2,73.2
SN-J011,2025-06-07,35.7,8,61.0,1,34.7,4,15.7,74.9
SN-J011,2025-06-16,47.5,5,49.7,12,32.3,7,19.8,78.3
SN-J011,2025-07-20,38.1,9,51.0,5,48.5,5,19.2,75.0
SN-J011,2025-07-23,0,0,56.9,3,47.3,5,17.1,60.3
SN-J011,2025-07-28,54.5,9,59.8,9,47.8,7,14.0,74.4
SN-J011,2025-08-02,42.2,6,0,0,39.0,0,23.2,76.6
SN-J011,2025-08-21,0,0,0,0,0,0,0,0
SN-J011,2025-09-25,50.5,4,45.3,3,43.9,1,0,0
SN-J011,2025-10-03,0,0,52.6,11,45.7,2,21.0,77.4
SN-J012,2025-01-03,44.9,6,47.4,4,35.5,2,23.5,74.9
SN-J012,2025-02-09,41.7,2,0,0,45.1,8,0,0
SN-J012,2025-03-15,39.8,7,49.3,11,38.5,3,18.3,78.3
SN-J012,2025-03-21,42.8,1,50.6,10,32.3,0,14.0,65.0
SN-J012,2025-04-15,52.9,0,46.4,10,31.5,3,24.4,71.9
SN-J012,2025-06-17,52.2,1,53.8,10,45.0,3,13.1,74.8
SN-J012,2025-07-02,49.2,2,62.3,12,41.8,2,19.9,69.9
SN-J012,2025-09-09,45.5,7,62.6,12,48.3,4,21.5,66.8
SN-J012,2025-10-11,42.8,8,58.2,8,42.5,7,19.0,78.4
SN-J012,2025-11-29,42.8,0,59.7,0,42.4,8,10.4,72.7
SN-J012,2026-01-28,52.8,3,49.2,7,44.0,5,16.3,76.8
SN-J013,2025-01-07,37.8,10,59.6,8,43.0,0,24.5,76.6
SN-J013,2025-03-08,50.4,0,59.5,11,45.7,7,22.2,66.2
SN-J013,2025-04-26,44.6,4,60.0,3,0,0,15.0,77.1
SN-J013,2025-05-16,53.5,0,62.7,10,39.4,6,11.4,73.5
SN-J013,2025-07-15,0,0,51.9,0,47.7,7,14.8,66.0
SN-J013,2025-08-14,44.3,3,47.3,9,41.4,6,19.7,60.8
SN-J013,2025-08-17,40.3,8,56.4,0,0,0,20.7,74.6
SN-J013,2025-09-26,52.5,4,63.2,10,40.9,1,12.8,63.2
SN-J013,2025-10-15,47.0,6,0,0,39.3,7,12.6,78.9
SN-J013,2025-10-17,39.4,10,0,0,37.1,7,12.9,71.7
SN-J013,2025-10-31,41.5,2,55.2,12,49.8,7,18.6,63.4
SN-J013,2025-12-06,37.4,9,48.1,3,43.0,1,18.8,73.9
SN-J013,2025-12-06,41.4,6,50.5,3,32.6,5,19.7,75.6
SN-J013,2025-12-29,46.4,5,50.0,7,39.4,2,21.0,77.1
SN-J014,2025-02-27,42.6,0,51.7,0,49.5,0,11.8,77.8
SN-J014,2025-05-30,39.7,8,0,0,33.6,0,21.2,62.6
SN-J014,2025-07-08,43.9,6,59.4,8,38.9,1,17.2,75.3
SN-J014,2025-07-23,35.9,2,57.4,10,45.8,1,20.9,70.5
SN-J014,2025-08-08,50.1,9,59.0,8,36.2,8,15.6,76.4
SN-J014,2025-10-07,45.9,3,52.6,9,33.6,6,15.6,73.5
SN-J014,2025-11-01,48.6,4,53.3,3,41.7,1,19.9,65.1
SN-J014,2025-12-21,43.9,3,0,0,0,0,24.3,71.6
SN-J015,2025-01-12,52.1,9,45.2,1,49.6,6,24.8,67.4
SN-J015,2025-01-22,41.2,4,45.7,3,31.0,8,23.4,75.8
SN-J015,2025-03-03,50.6,3,49.1,12,41.4,3,22.6,73.6
SN-J015,2025-05-10,47.8,6,63.7,7,30.5,3,23.8,68.0
SN-J015,2025-06-20,41.6,7,0,0,32.0,3,12.5,69.8
SN-J015,2025-10-20,36.9,6,59.6,6,40.4,3,12.4,63.9
SN-J016,2025-01-24,38.6,5,59.6,1,32.7,5,18.9,67.1
SN-J016,2025-03-03,37.4,4,54.8,3,38.0,5,24.8,60.2
SN-J016,2025-03-27,43.5,5,53.8,9,44.4,6,20.1,67.1
SN-J016,2025-04-19,54.7,3,55.8,2,46.1,1,0,0
SN-J016,2025-06-19,50.6,3,48.9,8,32.2,6,19.1,72.4
SN-J016,2025-07-14,49.8,10,45.0,3,37.7,5,11.3,67.6
SN-J016,2025-07-23,0,0,0,0,0,0,0,0
SN-J016,2025-09-18,47.6,0,55.9,4,30.8,6,10.3,77.0
SN-J016,2025-10-24,41.0,8,55.8,10,40.0,7,19.4,78.9
SN-J016,2025-11-30,0,0,0,0,0,0,0,0
SN-J016,2025-12-14,49.3,7,53.6,5,41.2,2,18.0,60.8
SN-J016,2026-02-04,0,0,62.7,2,39.7,3,20.5,61.3
SN-J017,2025-03-29,54.7,8,54.6,10,36.4,5,20.9,77.3
SN-J017,2025-04-14,42.2,6,52.6,11,40.0,4,17.3,69.1
SN-J017,2025-05-10,46.1,3,49.1,4,35.4,5,0,0
SN-J017,2025-06-17,39.4,8,56.0,5,41.6,5,15.6,72.7
SN-J017,2025-06-27,42.7,1,47.6,8,47.4,7,20.2,77.7
SN-J017,2025-06-30,36.3,10,48.5,1,39.4,7,15.5,61.2
SN-J017,2025-09-02,42.5,1,58.2,7,41.9,2,14.2,64.8
SN-J017,2025-09-04,42.0,6,53.0,7,46.3,0,18.4,77.6
SN-J017,2025-09-14,35.8,6,55.6,10,40.9,4,13.2,72.9
SN-J018,2025-01-05,49.1,5,54.7,12,40.1,3,13.3,64.9
SN-J018,2025-04-07,39.6,8,58.9,7,31.1,0,15.0,79.1
SN-J018,2025-09-06,51.4,9,48.3,10,35.2,6,12.0,65.0
SN-J018,2025-09-29,41.0,8,64.1,4,43.1,1,22.6,62.1
SN-J018,2025-10-13,0,0,0,0,0,0,0,0
SN-J018,2026-01-08,0,0,51.0,2,47.8,4,15.2,79.0
SN-J018,2026-01-09,44.6,5,58.5,6,37.0,2,0,0
SN-J018,2026-01-21,45.0,9,59.0,2,34.9,6,0,0
SN-J019,2025-02-28,49.2,9,0,0,49.1,3,0,0
SN-J019,2025-05-01,0,0,0,0,0,0,0,0
SN-J019,2025-06-27,51.2,1,47.5,7,45.2,0,14.5,64.4
SN-J019,2025-08-09,54.9,10,0,0,44.2,6,19.4,63.2
SN-J019,2025-08-20,0,0,0,0,0,0,0,0
SN-J019,2025-11-06,51.9,4,48.0,0,32.2,7,23.2,64.8
SN-J020,2025-04-03,40.4,7,50.8,9,46.1,8,13.1,73.5
SN-J020,2025-05-26,50.6,0,64.9,3,47.1,7,11.2,73.3
SN-J020,2025-05-28,38.2,9,62.1,12,0,0,0,0
SN-J020,2025-06-21,0,0,0,0,0,0,0,0
SN-J020,2025-07-12,39.9,1,48.6,6,43.5,8,16.4,70.0
SN-J020,2025-07-22,0,0,47.0,3,34.4,0,17.4,64.6
SN-J020,2025-10-28,48.1,2,58.6,3,38.7,4,11.9,67.4
SN-J020,2026-01-21,0,0,0,0,0,0,0,0
